product_version_id	title_origin	category	weight_error	volume_error	actual_weight	ai_weight_kg	thumbnail_urls
5b01747c-92ed-40c9-9177-b8e3d1fb4a7a	모듈가구 콤비락 유리선반 진열장 거실가구 인테리어 직사각 2단/3단 6colors	가구/인테리어>수납가구>선반	293.1176470588235	30.04852904199145	0.085	25.0	https://sazo-qa-ai-resources.s3.ap-northeast-2.amazonaws.com/img/5b01747c-92ed-40c9-9177-b8e3d1fb4a7a.jpg
05dce9e8-fdde-4dfa-9da4-0900eac3f733	한정수량 루미너스 아쿠아 원액 2L+디테일링 투명 전동 분무기 2.2L	생활/건강>자동차용품>세차용품>도장용광택/코팅제	26.777777777777786	0.953125	0.09	2.5	https://shop-phinf.pstatic.net/20240718_241/1721262498779wdeJ8_JPEG/1969689646693119_997531536.jpg?type=m510|https://shop-phinf.pstatic.net/20231227_182/1703662391995Rf2hC_JPEG/30965075871470870_1100377703.jpg?type=m510|https://shop-phinf.pstatic.net/20231227_162/1703662394268i4FIj_JPEG/30965078145284721_572401844.jpg?type=m510
c4057ced-fbf6-4783-beca-5ce0ed6246c1	[금속부자재] 솔트레지(8mm,12mm,14mm)		24.0	7.648723448419013	0.06	1.5	https://sazo-qa-ai-resources.s3.ap-northeast-2.amazonaws.com/img/c4057ced-fbf6-4783-beca-5ce0ed6246c1.jpg
4ecd070b-39fa-4660-b01f-8b4e45a44f29	정승원 포토카드	디지털 > 오디오/영상/관련기기 > 비디오/프로젝터 > 	13.999999999999998	3.3859649122807016	0.1	1.5	https://sazo-qa-ai-resources.s3.ap-northeast-2.amazonaws.com/img/4ecd070b-39fa-4660-b01f-8b4e45a44f29.jpg
9cc91020-7701-4dc3-9fc4-b3265e19818f	보넥도 노장르 뮤뱅 인가 공방 세트 양도 합니다	스타굿즈 > 보이그룹 > 음반/영상물 > 	12.333333333333334	0.68	0.06	0.8	https://sazo-qa-ai-resources.s3.ap-northeast-2.amazonaws.com/img/9cc91020-7701-4dc3-9fc4-b3265e19818f.jpg
e407783d-f9c8-405e-b02e-0cc149564532	카톤 전동분무기 부채꼴 분사노즐	생활/건강>공구>원예공구>압축분무기	11.5	1.94	0.12	1.5	https://shop-phinf.pstatic.net/20221021_19/1666325055827ib0Td_JPEG/67460898539429216_1834611463.jpg?type=m510|https://shop-phinf.pstatic.net/20221108_207/1667872163277GN2lg_PNG/69008061966436924_742281027.png?type=m510|https://shop-phinf.pstatic.net/20221108_172/1667872169744YSWVd_PNG/69008068399660876_509242690.png?type=m510|https://shop-phinf.pstatic.net/20221108_219/1667872175170lzfc2_PNG/69008073812267883_297293248.png?type=m510
2f8ce763-04b5-4a08-bcf9-8dd2e384d913	[국내오늘출발] SAMG 메탈카드봇S 블래스트레인 특급열차 기차 로봇	생활/건강>수집품>모형/프라모델/피규어>피규어	11.307692307692308	5.599837204015634	0.065	0.8	https://sazo-qa-ai-resources.s3.ap-northeast-2.amazonaws.com/img/2f8ce763-04b5-4a08-bcf9-8dd2e384d913.jpg
494bf07a-ed92-4fd8-ad1a-70a2720e2ec8	카톤 전동분무기 부채꼴 분사노즐	생활/건강>공구>원예공구>압축분무기	10.538461538461538	1.94	0.13	1.5	https://shop-phinf.pstatic.net/20221021_19/1666325055827ib0Td_JPEG/67460898539429216_1834611463.jpg?type=m510|https://shop-phinf.pstatic.net/20221108_207/1667872163277GN2lg_PNG/69008061966436924_742281027.png?type=m510|https://shop-phinf.pstatic.net/20221108_172/1667872169744YSWVd_PNG/69008068399660876_509242690.png?type=m510|https://shop-phinf.pstatic.net/20221108_219/1667872175170lzfc2_PNG/69008073812267883_297293248.png?type=m510
7c7a3184-f2ee-4123-ac9d-7a91f41dd2c3	[원피스] OP01-033 이조	생활/건강>수집품>게임>보드게임	9.666666666666668	0.3125	0.075	0.8	https://sazo-qa-ai-resources.s3.ap-northeast-2.amazonaws.com/img/7c7a3184-f2ee-4123-ac9d-7a91f41dd2c3.png
59e36a51-dce4-44da-8c85-c26ad5e40e40	유희왕 이차원터널미러게이트 1st 퍼얼 taev-kr063 얼티	키덜트 > 보드게임 > 	9.0	0.4318181818181818	0.08	0.8	https://sazo-qa-ai-resources.s3.ap-northeast-2.amazonaws.com/img/59e36a51-dce4-44da-8c85-c26ad5e40e40.jpg
af24a7dc-3bde-4256-bdc0-614dd2e5aa75	한국 육군 민무늬 야상용 칼라 빨간색 병장 계급장 2307	남성의류 > 테마/이벤트 > 기타 테마/이벤트 > 	9.0	-0.3112244897959184	0.05	0.5	https://media.bunjang.co.kr/product/256366585_1_1710163330_w{res}.jpg
be0302a4-1803-4dc7-8693-a12e68c4ebf2	80년대 90년대 육군 전투복용 노란색 칼라 병장 계급장 2303	남성의류 > 테마/이벤트 > 기타 테마/이벤트 > 	9.0	-0.3571428571428571	0.05	0.5	https://media.bunjang.co.kr/product/233465248_{cnt}_1694694816_w{res}.jpg
09746db3-cdd4-453a-9904-b47983acb419	베이블레이드X 골드 위저드로드	유아동/출산 > 교구/완구/인형 > 스포츠완구 > 	7.88888888888889	3.8012318029115337	0.09	0.8	https://sazo-qa-ai-resources.s3.ap-northeast-2.amazonaws.com/img/09746db3-cdd4-453a-9904-b47983acb419.jpg
c5924e1a-a9cb-42c6-9638-087087c69839	르세라핌이지크레이지핫자켓투어MD굿즈포카분철*양도교환미공포앨포특전콘서트재킷	스타굿즈 > 걸그룹 > 팬시/포토카드 > 	6.142857142857142	-0.4611836717099876	0.07	0.5	https://sazo-qa-ai-resources.s3.ap-northeast-2.amazonaws.com/img/c5924e1a-a9cb-42c6-9638-087087c69839.jpg
9b9308dc-a121-4e0e-8461-b669c942677c	자이언트 데니멀즈 폴라 분철 양도	스타굿즈 > 보이그룹 > 인형/피규어 > 	5.666666666666667	1.4350649350649352	0.12	0.8	https://sazo-qa-ai-resources.s3.ap-northeast-2.amazonaws.com/img/9b9308dc-a121-4e0e-8461-b669c942677c.jpg
d156eb54-1a89-43ef-8fd3-a6ee3786891e	프리파라 웰컴 스트로베리 코디	예술/희귀/수집품 > 희귀/수집품 > 	5.666666666666667	-0.4419642857142857	0.045	0.3	https://sazo-qa-ai-resources.s3.ap-northeast-2.amazonaws.com/img/d156eb54-1a89-43ef-8fd3-a6ee3786891e.jpg
d6d32c48-7329-4ecd-ba05-83d3e80d44a4	반다이 파워레인저 킹덤포스 가디언웨폰시리즈 롤링해머 (80325) 18750	장난감>로봇>캐릭터로봇	5.4	1.1846844878662626	0.125	0.8	https://sazo-qa-ai-resources.s3.ap-northeast-2.amazonaws.com/img/d6d32c48-7329-4ecd-ba05-83d3e80d44a4.jpg
a57cc8ad-fa7f-4306-9b19-3136f0c5236f	블링앤쥬 셀린느 버킷백 호환 탑핸들 숏핸들 리얼 소가죽 트리오페 스트랩 가방끈	패션잡화>여성가방>가방소품>가방끈	5.4	0.3255360623781674	0.125	0.8	https://sazo-qa-ai-resources.s3.ap-northeast-2.amazonaws.com/img/a57cc8ad-fa7f-4306-9b19-3136f0c5236f.jpg
fe49bad3-d1fd-4c21-998a-b199c8ba9668	반다이 파워레인저 킹덤포스 가디언웨폰시리즈 롤링해머 (80325) 18750	장난감>로봇>캐릭터로봇	5.153846153846154	1.075218843356025	0.13	0.8	https://sazo-qa-ai-resources.s3.ap-northeast-2.amazonaws.com/img/fe49bad3-d1fd-4c21-998a-b199c8ba9668.jpg
421371f4-0813-436f-872c-46e227f1c292	토끼담요 미공포 멬스 메이크스타 에투메 82major 82메이저	스타굿즈 > 보이그룹 > 팬시/포토카드 > 	5.153846153846154	-0.6347402597402597	0.065	0.4	https://sazo-qa-ai-resources.s3.ap-northeast-2.amazonaws.com/img/421371f4-0813-436f-872c-46e227f1c292.jpg
aff76629-494c-4c58-aacc-e3f0adc9cc0c	[09/30 2nd]NINGNING ver PRO2 SILVER		4.925925925925926	0.0393939393939393	0.135	0.8	https://ecimg.cafe24img.com/pg654b88210290031/andaash/web/product/small/20240920/2cf2a539c32776fa96f35402096d4e97.jpg|https://ecimg.cafe24img.com/pg654b88210290031/andaash/web/product/extra/big/20240920/f73b2cc932b3f38ea6de1964f35299f2.jpg|https://ecimg.cafe24img.com/pg654b88210290031/andaash/web/product/extra/big/20240920/433ffca4b83b47bd64c730315a64fc59.jpg|https://ecimg.cafe24img.com/pg654b88210290031/andaash/web/product/extra/big/20240920/f302c1dfeebee325454db1d4fa5e73f6.jpg|https://ecimg.cafe24img.com/pg654b88210290031/andaash/web/product/extra/big/20240920/845767b6ba194e0c6f88b509d30b41f7.jpg|https://ecimg.cafe24img.com/pg654b88210290031/andaash/web/product/extra/big/20240920/6a16f608c4d7e3120d0ae085d47d1ffb.jpg
eed55481-5f20-4ea9-a70a-4c3a61eb23de	리보니 체크 원피스 4종 일괄 리보니 원피스 10cm 솜인형 인형옷 양도	스타굿즈 > 방송/예능/캐릭터 > 의류/패션잡화 > 	4.88235294117647	-0.2894736842105263	0.085	0.5	https://sazo-qa-ai-resources.s3.ap-northeast-2.amazonaws.com/img/eed55481-5f20-4ea9-a70a-4c3a61eb23de.jpg
30b9caa4-03d1-42aa-8401-84652b0c0e40	Babylike 패널맘싵 Panel Mom Sheet		4.660377358490566	2.114294612270321	0.265	1.5	https://sazo-qa-ai-resources.s3.ap-northeast-2.amazonaws.com/img/30b9caa4-03d1-42aa-8401-84652b0c0e40.png
390c90b8-5ec3-4aa1-b24a-9b5bb9e90759	[패슬로우] 매릭돔 베스티블 / 매릭304 돔텐트 면텐트 공간확장	스포츠/레저>캠핑>텐트>4-5인용	4.524861878453038	0.1270780501549732	0.905	5.0	https://sazo-qa-ai-resources.s3.ap-northeast-2.amazonaws.com/img/390c90b8-5ec3-4aa1-b24a-9b5bb9e90759.jpg
cc47a9e1-200d-49af-8c02-34767ccd79e5	2025 BIRTHDAY KIT_EUNHO	홈 > SEASONAL > 	4.517241379310345	0.1831960859091578	0.145	0.8	https://sazo-qa-ai-resources.s3.ap-northeast-2.amazonaws.com/img/cc47a9e1-200d-49af-8c02-34767ccd79e5.jpg
0d27be9c-a845-4b06-9575-6503e60c758d	WINTER ver PRO2	undefined > undefined > undefined > undefined > 	4.517241379310345	-0.4343891402714932	0.145	0.8	https://ecimg.cafe24img.com/pg654b88210290031/andaash/web/product/small/20240920/f582c3d3c088d7ea023506a8019e7650.jpg
36dde2f0-c3de-4503-aa17-201c15b1fd4b	노베브 이지피지 필터 커버 쿠션 (본품+리필) / 미니쿠션라벤더 + 핑거퍼프 (2ea) 증정	쿠션팩트	4.454545454545454	-0.8171428571428572	0.055	0.3	https://sazo-qa-ai-resources.s3.ap-northeast-2.amazonaws.com/img/36dde2f0-c3de-4503-aa17-201c15b1fd4b.jpg
71e1f7a2-d3a5-4084-a5f9-0eb0483c01d6	YORF CHARM ROLLY PINK	홈 > GEAR > 	4.333333333333334	1.594675829422128	0.15	0.8	https://sazo-qa-ai-resources.s3.ap-northeast-2.amazonaws.com/img/71e1f7a2-d3a5-4084-a5f9-0eb0483c01d6.jpg
ac856e91-cc42-4fa9-b08d-2a5f26da3dd7	아페쎄 제네바 블랙	가방/지갑 > 여성가방 > 숄더백 > 	4.333333333333334	0.5286779992662344	0.15	0.8	https://sazo-qa-ai-resources.s3.ap-northeast-2.amazonaws.com/img/ac856e91-cc42-4fa9-b08d-2a5f26da3dd7.jpg
22a85a9c-16ff-4186-b863-2c38a34991ee	맥도날드 산리오 시나모롤 마이멜로디 일괄	유아동/출산 > 교구/완구/인형 > 인형(유아용) > 	4.333333333333334	-0.3117056856187291	0.15	0.8	https://sazo-qa-ai-resources.s3.ap-northeast-2.amazonaws.com/img/22a85a9c-16ff-4186-b863-2c38a34991ee.jpg
a5493757-9a02-4766-83ba-7187b8d717f4	남의 앨범 (티클사진으로 만든 앨범)		4.333333333333334	-0.4536585365853658	0.15	0.8	https://contents.sixshop.com/thumbnails/uploadedFiles/186512/product/image_1669731583567_1000.jpg
ae202709-49e9-41e5-b917-04adf252317e	NINGNING ver PRO2	undefined > undefined > undefined > undefined > 	4.333333333333334	-0.1005244755244755	0.15	0.8	https://ecimg.cafe24img.com/pg654b88210290031/andaash/web/product/small/20240920/c4cb6653142e314b02b83aef2de3bafd.jpg
ae202709-49e9-41e5-b917-04adf252317e	NINGNING ver PRO2	undefined > undefined > undefined > undefined > 	4.333333333333334	-0.1005244755244755	0.15	0.8	https://ecimg.cafe24img.com/pg654b88210290031/andaash/web/product/small/20240920/c4cb6653142e314b02b83aef2de3bafd.jpg
8899967a-8a8c-4594-bbd2-bc610e50a4f5	[09/30 2nd]ANDAASH NINGNING ver MAX		4.333333333333334	4.359375	0.15	0.8	https://ecimg.cafe24img.com/pg654b88210290031/andaash/web/product/small/20240920/1abc5ff6006bfcc5c948ff8c5c59d303.jpg|https://ecimg.cafe24img.com/pg654b88210290031/andaash/web/product/extra/big/20240920/861dd4aa97f16cd88769eceb6c1543cc.jpg|https://ecimg.cafe24img.com/pg654b88210290031/andaash/web/product/extra/big/20240920/008e6bf9244bfebae02bd90e503a05cb.jpg|https://ecimg.cafe24img.com/pg654b88210290031/andaash/web/product/extra/big/20240920/9d8bc92423574a2d24830d456558d1dc.jpg|https://ecimg.cafe24img.com/pg654b88210290031/andaash/web/product/extra/big/20240920/557e5a66c40021c4d888d0ce796c3dbb.jpg
bcd6e096-1757-48ad-9236-38c361285526	블랙로즈드래곤 홀로그래픽레어	키덜트 > 보드게임 > 	4.161290322580645	-0.4687310261080752	0.155	0.8	https://sazo-qa-ai-resources.s3.ap-northeast-2.amazonaws.com/img/bcd6e096-1757-48ad-9236-38c361285526.jpg
6b477281-f11c-472e-96f3-ad2f0969dd0e	플레이브 애니메이트 카페 세트	스타굿즈 > 보이그룹 > 팬시/포토카드 > 	4.161290322580645	0.6439949449951352	0.155	0.8	https://sazo-qa-ai-resources.s3.ap-northeast-2.amazonaws.com/img/6b477281-f11c-472e-96f3-ad2f0969dd0e.jpg
0f42fda0-77fd-4de7-ba4a-8c792ed35e3b	공기돌 오징어게임 공기놀이 전통 민속놀이 2세트	생활/건강>수집품>게임>보드게임	4.161290322580645	-0.0454545454545454	0.155	0.8	https://sazo-qa-ai-resources.s3.ap-northeast-2.amazonaws.com/img/0f42fda0-77fd-4de7-ba4a-8c792ed35e3b.png
8899967a-8a8c-4594-bbd2-bc610e50a4f5	[09/30 2nd]ANDAASH NINGNING ver MAX		4.161290322580645	4.359375	0.155	0.8	https://ecimg.cafe24img.com/pg654b88210290031/andaash/web/product/small/20240920/1abc5ff6006bfcc5c948ff8c5c59d303.jpg|https://ecimg.cafe24img.com/pg654b88210290031/andaash/web/product/extra/big/20240920/861dd4aa97f16cd88769eceb6c1543cc.jpg|https://ecimg.cafe24img.com/pg654b88210290031/andaash/web/product/extra/big/20240920/008e6bf9244bfebae02bd90e503a05cb.jpg|https://ecimg.cafe24img.com/pg654b88210290031/andaash/web/product/extra/big/20240920/9d8bc92423574a2d24830d456558d1dc.jpg|https://ecimg.cafe24img.com/pg654b88210290031/andaash/web/product/extra/big/20240920/557e5a66c40021c4d888d0ce796c3dbb.jpg
d3c9ad6e-336f-4588-9f85-c331f1437dba	BULLETTO JEANS 'J-B03'		4.0	-0.6923076923076923	0.1	0.5	https://sazo-qa-ai-resources.s3.ap-northeast-2.amazonaws.com/img/d3c9ad6e-336f-4588-9f85-c331f1437dba.jpg
154fdbbd-4a6c-426a-a483-2aa6186c4294	2024-25 coldplay 전면 앞면 스폰서 패치 콜드플레이 (FC 바르셀로나)	스포츠/레저>축구>기타축구용품	4.0	-0.8811484859505625	0.06	0.3	https://sazo-qa-ai-resources.s3.ap-northeast-2.amazonaws.com/img/154fdbbd-4a6c-426a-a483-2aa6186c4294.png
57465f25-09f6-49d6-a423-60be94c26eb2	0329 사운드웨이브 영통 SAY MY NAME 세이마이네임	스타굿즈 > 걸그룹 > 음반/영상물 > 	4.0	-0.4151620239902926	0.08	0.4	https://sazo-qa-ai-resources.s3.ap-northeast-2.amazonaws.com/img/57465f25-09f6-49d6-a423-60be94c26eb2.jpg
bda2edc5-ad0f-4315-b355-dabc6bf2d321	프리파라 프리채널 프로모 판매ㅣ웰컴 스트로베리 세트ㅣ메이드ㅣ논ㅣ페퍼ㅣ민트	예술/희귀/수집품 > 희귀/수집품 > 	4.0	0.7625027539105528	0.1	0.5	https://sazo-qa-ai-resources.s3.ap-northeast-2.amazonaws.com/img/bda2edc5-ad0f-4315-b355-dabc6bf2d321.jpg
25b2b835-351c-4d07-ac44-d35ad659b44c	니벨아레나 한글판 바이퍼-톡신레빗 SPR BT02-006		4.0	-0.6666666666666666	0.06	0.3	https://sazo-qa-ai-resources.s3.ap-northeast-2.amazonaws.com/img/25b2b835-351c-4d07-ac44-d35ad659b44c.png
998fac37-7886-47fd-af4a-ad07d73f3e40	차누 < 사카모토데이즈 > 비공굿 통판폼		4.0	-0.1629464285714285	0.08	0.4	https://sazo-qa-ai-resources.s3.ap-northeast-2.amazonaws.com/img/998fac37-7886-47fd-af4a-ad07d73f3e40.jpg
ef362c92-21e9-41e7-b5b9-baffb4590e56	23일출고 커들리데이 뉴뽀글이	Home > Shop > 	4.0	-0.2897727272727273	0.16	0.8	https://sazo-qa-ai-resources.s3.ap-northeast-2.amazonaws.com/img/ef362c92-21e9-41e7-b5b9-baffb4590e56.png
49daef53-6ff4-4d58-ae02-970504a55834	NINGNING ver PRO2 SILVER	undefined > undefined > undefined > undefined > 	4.0	-0.2239819004524887	0.16	0.8	https://ecimg.cafe24img.com/pg654b88210290031/andaash/web/product/small/20240920/2cf2a539c32776fa96f35402096d4e97.jpg
79ffdc8c-69d7-4bee-8e96-13be3931ee70	[한정수량 재입고] B급 할인팩 (인당 2개 한정) : 히히클럽		3.848484848484848	-0.6087582508537764	0.165	0.8	https://sazo-qa-ai-resources.s3.ap-northeast-2.amazonaws.com/img/79ffdc8c-69d7-4bee-8e96-13be3931ee70.jpg
f87360b0-e8e7-4d77-bb98-a326beeb86db	전통놀이 공기놀이 달인의 공기 15개입	쿠팡 홈 > 쿠팡수입 > 완구/취미 > 보드게임 > 기타보드게임 > 	3.848484848484848	0.4391608391608391	0.165	0.8	https://sazo-qa-ai-resources.s3.ap-northeast-2.amazonaws.com/img/f87360b0-e8e7-4d77-bb98-a326beeb86db.jpg
26b5339d-032c-421f-aed6-3085ec22a7ec	동물합체 애니멀포스 파워레인저 반다이 큐브 실버 베어 한정판 로봇 장난감	유아동/출산 > 교구/완구/인형 > 캐릭터완구/로봇 > 	3.7619047619047623	0.6326337114916128	0.105	0.5	https://sazo-qa-ai-resources.s3.ap-northeast-2.amazonaws.com/img/26b5339d-032c-421f-aed6-3085ec22a7ec.jpg
1d4b9ee5-6917-4c58-baaa-c02c2cec5c47	진로소주 디스펜서 쿨러 굿즈 혼술 기계 신혼선물 테라 굿즈 술친구 두꺼비	생활/건강>주방용품>주방잡화>기타주방잡화	3.761904761904762	10.145510835913312	0.315	1.5	https://shop-phinf.pstatic.net/20240105_247/1704441723530b1KHQ_JPEG/105577557329269695_2135383969.jpg?type=m510|https://shop-phinf.pstatic.net/20240105_68/1704442035371JETAg_JPEG/105577869159831918_791253970.jpg?type=m510|https://shop-phinf.pstatic.net/20240105_270/1704442045547Ku0fU_JPEG/105577879339846636_1016505859.jpg?type=m510|https://shop-phinf.pstatic.net/20220817_243/1660706051702HlbmO_JPEG/61841950390490470_970045723.jpg?type=m510|https://shop-phinf.pstatic.net/20220817_39/1660706051934Hjane_JPEG/61841950617718363_1915447708.jpg?type=m510|https://shop-phinf.pstatic.net/20231102_263/1698889830221iXqKB_JPEG/15982653182725354_1258190942.jpg?type=m510|https://shop-phinf.pstatic.net/20220920_163/1663658322282GQzAb_JPEG/64794156095927021_741241589.jpg?type=m510|https://shop-phinf.pstatic.net/20220920_130/16636583224993XQvL_JPEG/64794156312455575_2067221317.jpg?type=m510|https://shop-phinf.pstatic.net/20220920_103/1663658322710zWeL6_JPEG/64794156523239593_1015710496.jpg?type=m510|https://shop-phinf.pstatic.net/20220920_237/1663658322859OQ3Mq_JPEG/64794156666737850_1297158169.jpg?type=m510
3e3c32b3-74d6-45d3-bdeb-c31b3741c4be	일리네어 레코즈 - 11:11 (디럭스에디션) - 미개봉	음반/악기 > CD/DVD/LP > 	3.705882352941176	-0.233652312599681	0.255	1.2	https://sazo-qa-ai-resources.s3.ap-northeast-2.amazonaws.com/img/3e3c32b3-74d6-45d3-bdeb-c31b3741c4be.jpg
ea999f69-35d3-442f-8fbb-64a21a302fae	[당일발송] 토앤토 TAW&TOE 탠 헬로키티 참 태그 TAG	신발 > 여성화 > 샌들/슬리퍼 > 	3.705882352941176	1.4270106873415622	0.085	0.4	https://sazo-qa-ai-resources.s3.ap-northeast-2.amazonaws.com/img/ea999f69-35d3-442f-8fbb-64a21a302fae.jpg
c392cb6b-13c6-440b-9992-75a7052517fe	우리끼리 사고파는 창작마켓 - 윗치폼		3.705882352941176	-0.4787322768974146	0.085	0.4	https://sazo-qa-ai-resources.s3.ap-northeast-2.amazonaws.com/img/c392cb6b-13c6-440b-9992-75a7052517fe.jpg
55ba0a44-d4d4-4e1e-a681-bafcbe21fac1	검은선풍 대회판	키덜트 > 보드게임 > 	3.705882352941176	-0.6513485340628924	0.17	0.8	https://sazo-qa-ai-resources.s3.ap-northeast-2.amazonaws.com/img/55ba0a44-d4d4-4e1e-a681-bafcbe21fac1.jpg
9b30235e-216e-423f-bb65-4ade25a88968	OAFISH CASE	홈 > by artist > 	3.705882352941176	2.061224489795918	0.17	0.8	https://cafe24.poxo.com/ec01/beattitudeshop/rVTzENvU5ko/KLrPycx3zwB6BFsW2TY8KqxJUxPgnM8OT8N1Xo0G8i8Zsi/Sirlo60yneCVkBW65kJuzNPVZig==/_/web/product/small/202409/41e412e90fd237e548310ecc637c069f.jpg
ba27edf8-0995-481c-b5b0-daeae7b13403	KARINA ver MAX	undefined > undefined > undefined > undefined > 	3.705882352941176	3.04763986013986	0.17	0.8	https://ecimg.cafe24img.com/pg654b88210290031/andaash/web/product/small/20240920/d70b1ad3eaca02399785d1bef0f79539.jpg
5a11a255-64fd-4603-916a-475593d45dff	(가격 인하 더이상X) 라오루 얀, 뒤틀린 얀 아크릴	기타 > 	3.6875	7.225969201971306	0.32	1.5	https://sazo-qa-ai-resources.s3.ap-northeast-2.amazonaws.com/img/5a11a255-64fd-4603-916a-475593d45dff.jpg
418c446c-4034-4577-85bc-315010bb540c	kiji님 프라체니카 주문제작	예술/희귀/수집품 > 예술작품 > 	3.6153846153846154	-0.0929544328526257	0.325	1.5	https://sazo-qa-ai-resources.s3.ap-northeast-2.amazonaws.com/img/418c446c-4034-4577-85bc-315010bb540c.jpg
0b576010-feeb-4c38-8e90-d69ec4ce9d3d	라이즈 토냥덕 말랑키링	스타굿즈 > 보이그룹 > 인형/피규어 > 	3.615384615384615	0.509005746293882	0.065	0.3	https://sazo-qa-ai-resources.s3.ap-northeast-2.amazonaws.com/img/0b576010-feeb-4c38-8e90-d69ec4ce9d3d.jpg
26c5089f-d3bd-4346-bb3b-be84b0115eea	14k wish cubic star piercing		3.615384615384615	-0.2961711711711712	0.065	0.3	https://cafe24.poxo.com/ec01/youngglow2023/YepDBcpQi6F1EGuL9rzRwQBX1G35AxoL+qyrI5LMpFiAaJb/PY2X2K2EefsRuwNRPpTRhywTZ265JvTGAQx8tg==/_/web/product/small/202310/91c945cd6616b370e22036362ef53a6d.jpg
d36f9d62-32c1-41bc-a086-c7f5862c7e33	베이블레이드X 골드 위저드로드	유아동/출산 > 교구/완구/인형 > 스포츠완구 > 	3.5714285714285716	-0.3092105263157895	0.175	0.8	https://sazo-qa-ai-resources.s3.ap-northeast-2.amazonaws.com/img/d36f9d62-32c1-41bc-a086-c7f5862c7e33.jpg
aff76629-494c-4c58-aacc-e3f0adc9cc0c	[09/30 2nd]NINGNING ver PRO2 SILVER		3.5714285714285716	-0.4637482900136799	0.175	0.8	https://ecimg.cafe24img.com/pg654b88210290031/andaash/web/product/small/20240920/2cf2a539c32776fa96f35402096d4e97.jpg|https://ecimg.cafe24img.com/pg654b88210290031/andaash/web/product/extra/big/20240920/f73b2cc932b3f38ea6de1964f35299f2.jpg|https://ecimg.cafe24img.com/pg654b88210290031/andaash/web/product/extra/big/20240920/433ffca4b83b47bd64c730315a64fc59.jpg|https://ecimg.cafe24img.com/pg654b88210290031/andaash/web/product/extra/big/20240920/f302c1dfeebee325454db1d4fa5e73f6.jpg|https://ecimg.cafe24img.com/pg654b88210290031/andaash/web/product/extra/big/20240920/845767b6ba194e0c6f88b509d30b41f7.jpg|https://ecimg.cafe24img.com/pg654b88210290031/andaash/web/product/extra/big/20240920/6a16f608c4d7e3120d0ae085d47d1ffb.jpg
d79bbaee-f699-482b-9b73-7511c5a0c266	orang crew		3.5454545454545454	-0.6076954461287387	0.11	0.5	https://sazo-qa-ai-resources.s3.ap-northeast-2.amazonaws.com/img/d79bbaee-f699-482b-9b73-7511c5a0c266.jpg
30644a21-28ee-4f1e-af3e-d88fd6e936f5	PS5 플레이스테이션5 본체 / 로고 RGB 튜닝 재료 판매합니다.	디지털 > 게임/타이틀 > 소니/플레이스테이션 > 	3.4776119402985075	0.4299900695134062	0.335	1.5	https://sazo-qa-ai-resources.s3.ap-northeast-2.amazonaws.com/img/30644a21-28ee-4f1e-af3e-d88fd6e936f5.jpg
544d6ec9-758e-4cc8-b640-b94e70fdf85c	PP | 괴담출근 비공식 굿즈 재고판매		3.444444444444445	-0.4489394656329262	0.09	0.4	https://sazo-qa-ai-resources.s3.ap-northeast-2.amazonaws.com/img/544d6ec9-758e-4cc8-b640-b94e70fdf85c.jpg
49daef53-6ff4-4d58-ae02-970504a55834	NINGNING ver PRO2 SILVER	undefined > undefined > undefined > undefined > 	3.444444444444445	-0.3117056856187291	0.18	0.8	https://ecimg.cafe24img.com/pg654b88210290031/andaash/web/product/small/20240920/2cf2a539c32776fa96f35402096d4e97.jpg
e30e1ed9-db4c-4d6e-922d-d55ad65c8eec	KARINA ver PRO2 SILVER	undefined > undefined > undefined > undefined > 	3.444444444444445	-0.4773333333333333	0.18	0.8	https://ecimg.cafe24img.com/pg654b88210290031/andaash/web/product/small/20240920/a304d04d67a7c84a573e2425313677d3.jpg
e433345d-c3bb-4cea-b62f-4f45a885a747	[최고심X트윈스] 부적옷 2종 택1		3.3478260869565215	-0.8600789341372886	0.115	0.5	https://sazo-qa-ai-resources.s3.ap-northeast-2.amazonaws.com/img/e433345d-c3bb-4cea-b62f-4f45a885a747.jpg
79141495-6988-48c8-ab77-9df4814aff52	보이넥스트도어 한티냐 태산인형 양도	스타굿즈 > 보이그룹 > 인형/피규어 > 	3.3478260869565215	0.05	0.115	0.5	https://media.bunjang.co.kr/product/310232453_1_1736221124_w{res}.jpg
b1037bc7-cdea-43c5-917e-f8f289ed8883	AJinGiL-KDL01 Korea Diesel Locomotive Class 7400 #7401		3.2857142857142856	0.3227513227513227	0.35	1.5	https://sazo-qa-ai-resources.s3.ap-northeast-2.amazonaws.com/img/b1037bc7-cdea-43c5-917e-f8f289ed8883.jpg
d0e310fd-92b8-4d87-a3fe-d688b80d5273	솜꼬리 크리에이터 솜꼬리X니케 PlayX4 렌티큘러 아크릴 블럭	가구/인테리어>인테리어소품>장식미니어처	3.285714285714285	-0.7316732853922936	0.07	0.3	https://sazo-qa-ai-resources.s3.ap-northeast-2.amazonaws.com/img/d0e310fd-92b8-4d87-a3fe-d688b80d5273.jpg
53b4421a-0e7e-4175-b370-b623addceb58	에스파 카리나 드라마 파우치 양도	스타굿즈 > 걸그룹 > 의류/패션잡화 > 	3.285714285714285	0.1363636363636363	0.07	0.3	https://sazo-qa-ai-resources.s3.ap-northeast-2.amazonaws.com/img/53b4421a-0e7e-4175-b370-b623addceb58.jpg
ba036482-99ef-4cfd-9296-1017871f542b	(G)I-dle Public Broadcasting Mini Fan Meeting 2 Super Lady Soyeon	life	3.285714285714285	-0.3101545253863135	0.07	0.3	https://sazo-qa-ai-resources.s3.ap-northeast-2.amazonaws.com/img/ba036482-99ef-4cfd-9296-1017871f542b.png
4271014e-3574-4ff6-b721-27429e87d3c9	우리끼리 사고파는 창작마켓 - 윗치폼		3.2105263157894743	-0.4589691848084319	0.095	0.4	https://sazo-qa-ai-resources.s3.ap-northeast-2.amazonaws.com/img/4271014e-3574-4ff6-b721-27429e87d3c9.jpg
8a53f2b0-2572-4b94-b7eb-c682937e194a	뉴A9 가죽 다이어리 3공 현금 바인더 기인돼지	생활/건강>문구/사무용품>다이어리/플래너>바인더	3.2105263157894743	1.0292207792207793	0.19	0.8	https://sazo-qa-ai-resources.s3.ap-northeast-2.amazonaws.com/img/8a53f2b0-2572-4b94-b7eb-c682937e194a.jpg
e30e1ed9-db4c-4d6e-922d-d55ad65c8eec	KARINA ver PRO2 SILVER	undefined > undefined > undefined > undefined > 	3.2105263157894743	-0.5127840909090909	0.19	0.8	https://ecimg.cafe24img.com/pg654b88210290031/andaash/web/product/small/20240920/a304d04d67a7c84a573e2425313677d3.jpg
244e463c-b091-4875-9517-9816199ee2e2	앤팀 유키아카리 &TEAM Yukiakari 앨범 		3.2105263157894743	-0.1666666666666666	0.095	0.4	https://d2i2w6ttft7yxi.cloudfront.net/thumbnail/ts320241104222134_1777158_rs.jpeg
1f57a83c-a96d-42a0-9a07-6bee34616ccb	미니 보냉백 아기 간식 보냉 이유식 가방 쉐고미	출산/육아>외출용품>기저귀가방	3.2105263157894743	0.691856530566208	0.19	0.8	https://shop-phinf.pstatic.net/20220825_13/1661418727907qgwh6_JPEG/62554570621385974_486739394.jpg?type=m510|https://shop-phinf.pstatic.net/20220408_21/1649402033268WoFNz_JPEG/50537875955979121_900933546.jpg?type=m510|https://shop-phinf.pstatic.net/20240607_281/1717721340203kmvEt_JPEG/118857182911089227_1480175216.jpg?type=m510|https://shop-phinf.pstatic.net/20220408_110/1649402034012yPKa4_JPEG/50537876707372708_1274544269.jpg?type=m510|https://shop-phinf.pstatic.net/20220408_235/1649402033784ROoKJ_JPEG/50537876478105256_679870257.jpg?type=m510|https://shop-phinf.pstatic.net/20220825_19/1661418717491krifP_JPEG/62554560205921198_1693099187.jpg?type=m510|https://shop-phinf.pstatic.net/20220929_287/1664433448520lheD2_JPEG/65569291224715169_435144130.jpg?type=m510
c89b819f-7274-4519-b019-339bd61aa3fe	우리끼리 사고파는 창작마켓 - 윗치폼		3.2105263157894743	-0.4939271255060729	0.095	0.4	https://d2i2w6ttft7yxi.cloudfront.net/thumbnail/ts320240917204630_476266_rs.jpg
4a9bdb7a-88e6-4903-ae6c-f0f8208a2e3f	아이돌룩 세일러롬퍼SET 10cm		3.166666666666667	-0.760133174061761	0.12	0.5	https://sazo-qa-ai-resources.s3.ap-northeast-2.amazonaws.com/img/4a9bdb7a-88e6-4903-ae6c-f0f8208a2e3f.jpg
c43b8b86-3a10-4beb-96eb-b79bb7d2eb8a	피스마이너스원 스티커 캐리어대형스티커 피마원2장	홈 > 대형스티커 > 	3.1379310344827585	0.1029411764705882	0.145	0.6	https://sazo-qa-ai-resources.s3.ap-northeast-2.amazonaws.com/img/c43b8b86-3a10-4beb-96eb-b79bb7d2eb8a.jpg
a9d98efa-226e-480d-8ed4-a5b83734a682	베이블레이드x 골드로드블레이드 미개봉 팔아요	유아동/출산 > 교구/완구/인형 > 스포츠완구 > 	3.102564102564102	0.1005347593582887	0.195	0.8	https://sazo-qa-ai-resources.s3.ap-northeast-2.amazonaws.com/img/a9d98efa-226e-480d-8ed4-a5b83734a682.jpg
81a9e256-580b-47ad-a7c7-f2c1475e6191	잇츠윈 롤리팝 퀵 손잡이 사각타입	홈 > 잇츠윈 > 	3.102564102564102	1.0833164616418722	0.195	0.8	https://sazo-qa-ai-resources.s3.ap-northeast-2.amazonaws.com/img/81a9e256-580b-47ad-a7c7-f2c1475e6191.png
52f64b44-f4ad-4dee-aeee-028d787cc596	캐치 티니핑 시즌 4 새콤달콤 서프라이즈 박스  4종	키덜트 > 피규어/인형 > 	3.102564102564102	1.205	0.195	0.8	https://sazo-qa-ai-resources.s3.ap-northeast-2.amazonaws.com/img/52f64b44-f4ad-4dee-aeee-028d787cc596.jpg
4c327a48-fd6a-4a91-89a9-9cd3255d9620	[09/25]NINGNING ver PRO2 SILVER		3.102564102564102	-0.5624186046511628	0.195	0.8	https://ecimg.cafe24img.com/pg654b88210290031/andaash/web/product/small/20240920/2cf2a539c32776fa96f35402096d4e97.jpg|https://ecimg.cafe24img.com/pg654b88210290031/andaash/web/product/extra/big/20240920/f73b2cc932b3f38ea6de1964f35299f2.jpg|https://ecimg.cafe24img.com/pg654b88210290031/andaash/web/product/extra/big/20240920/433ffca4b83b47bd64c730315a64fc59.jpg|https://ecimg.cafe24img.com/pg654b88210290031/andaash/web/product/extra/big/20240920/f302c1dfeebee325454db1d4fa5e73f6.jpg|https://ecimg.cafe24img.com/pg654b88210290031/andaash/web/product/extra/big/20240920/845767b6ba194e0c6f88b509d30b41f7.jpg|https://ecimg.cafe24img.com/pg654b88210290031/andaash/web/product/extra/big/20240920/6a16f608c4d7e3120d0ae085d47d1ffb.jpg
d9a0037f-e386-425b-90bd-c626eda77823	[09/30 2nd]NINGNING ver PRO2 SILVER		3.102564102564102	-0.552	0.195	0.8	https://ecimg.cafe24img.com/pg654b88210290031/andaash/web/product/small/20240920/2cf2a539c32776fa96f35402096d4e97.jpg|https://ecimg.cafe24img.com/pg654b88210290031/andaash/web/product/extra/big/20240920/f73b2cc932b3f38ea6de1964f35299f2.jpg|https://ecimg.cafe24img.com/pg654b88210290031/andaash/web/product/extra/big/20240920/433ffca4b83b47bd64c730315a64fc59.jpg|https://ecimg.cafe24img.com/pg654b88210290031/andaash/web/product/extra/big/20240920/f302c1dfeebee325454db1d4fa5e73f6.jpg|https://ecimg.cafe24img.com/pg654b88210290031/andaash/web/product/extra/big/20240920/845767b6ba194e0c6f88b509d30b41f7.jpg|https://ecimg.cafe24img.com/pg654b88210290031/andaash/web/product/extra/big/20240920/6a16f608c4d7e3120d0ae085d47d1ffb.jpg
d80cf54f-6611-4824-b840-66d227fd15ef	하이큐&사카데이&괴수8호 비공굿 ( 카라비너 )		3.0000000000000004	-0.2719860221316249	0.1	0.4	https://sazo-qa-ai-resources.s3.ap-northeast-2.amazonaws.com/img/d80cf54f-6611-4824-b840-66d227fd15ef.png
69036cb4-f850-479e-820a-53023333b13d	호밀 4월 디페 통판		3.0000000000000004	3.5138575426559537	0.1	0.4	https://sazo-qa-ai-resources.s3.ap-northeast-2.amazonaws.com/img/69036cb4-f850-479e-820a-53023333b13d.jpg
314f89f9-5928-4994-a7df-97ae5396802e	더보이즈 케이팝머치 럭드 포카 공구 2차추가구매		3.0000000000000004	-0.1071428571428571	0.1	0.4	https://sazo-qa-ai-resources.s3.ap-northeast-2.amazonaws.com/img/314f89f9-5928-4994-a7df-97ae5396802e.jpg
93e0f5ec-adf8-4bad-b06f-ef284072a319	Sm 30주년 타임캡슐 레드벨벳 양도 교환	스타굿즈 > 걸그룹 > 음반/영상물 > 	3.0000000000000004	0.1932980485112184	0.1	0.4	https://sazo-qa-ai-resources.s3.ap-northeast-2.amazonaws.com/img/93e0f5ec-adf8-4bad-b06f-ef284072a319.jpg
907459e1-1074-4e9e-a59b-3d1adb86a16b	데이식스 DAY6 마데워치 뜨개커버 *-* 데니멀즈 쁘띠멀즈 방케필돈	스타굿즈 > 보이그룹 > 응원도구 > 	3.0	-0.7613592974417717	0.075	0.3	https://sazo-qa-ai-resources.s3.ap-northeast-2.amazonaws.com/img/907459e1-1074-4e9e-a59b-3d1adb86a16b.jpg
482ceb7b-a754-4695-9c6f-c431b639eec8	[도노도노] 아기 트롤리 기저귀 갈이대 정리함 + 방수패드 세트	유아가구/침구>기저귀정리함>기저귀정리함	3.0	0.4207188160676532	0.625	2.5	https://sazo-qa-ai-resources.s3.ap-northeast-2.amazonaws.com/img/482ceb7b-a754-4695-9c6f-c431b639eec8.jpg
9cca7255-13dd-40ac-8462-83f53c5bfecb	실바니안 한복  직립아기사이즈 6 (+ 윷놀이세트)	키덜트 > 피규어/인형 > 	3.0	-0.7159090909090909	0.075	0.3	https://sazo-qa-ai-resources.s3.ap-northeast-2.amazonaws.com/img/9cca7255-13dd-40ac-8462-83f53c5bfecb.jpg
750f1c3a-de16-4829-92fa-aa548d7aa20c	엔시티 위시 유우시 앨범+랜덤특전 싱글 송버드 NCT WISH Songbird SMini	생활/건강>음반>국내앨범	3.0	-0.7857142857142857	0.075	0.3	https://sazo-qa-ai-resources.s3.ap-northeast-2.amazonaws.com/img/750f1c3a-de16-4829-92fa-aa548d7aa20c.png
cb653587-582b-48bd-bf44-a2acdfb199cb	TRIMUI SMART PRO 한방팩 128GB 휴대용레트로게임기 트리무이 (기기별매)	디지털/가전>게임기/타이틀>휴대용게임기	3.0	-0.2857142857142857	0.075	0.3	https://shop-phinf.pstatic.net/20240809_225/1723133607071jm5DR_JPEG/54741635987307647_976148055.jpg?type=m510|https://shop-phinf.pstatic.net/20240809_272/1723133568702tGEoA_JPEG/58021206669057115_705551911.jpg?type=m510|https://shop-phinf.pstatic.net/20240809_248/17231335791928VhgT_JPEG/7948379142650724_1653032451.jpg?type=m510|https://shop-phinf.pstatic.net/20240809_37/1723133588290zD2eX_JPEG/6334985108513359_479677056.jpg?type=m510|https://shop-phinf.pstatic.net/20240809_269/1723133597790dOHCa_JPEG/7948397738756352_683986605.jpg?type=m510|https://shop-phinf.pstatic.net/20240809_17/1723133621214MpVsQ_JPEG/25066894028935117_1382362538.jpg?type=m510
0d34fe94-edc9-40ca-bf3b-e206394486c9	머펫큐브릭 풀세트	키덜트 > 피규어/인형 > 	2.947368421052632	1.2810344827586206	0.38	1.5	https://sazo-qa-ai-resources.s3.ap-northeast-2.amazonaws.com/img/0d34fe94-edc9-40ca-bf3b-e206394486c9.jpg
2038d9fd-b1db-4f53-9c14-49fc7feac0da	두리 4way 아기 비데 받침대	출산/육아>목욕용품>유아목욕의자	2.896103896103896	0.8148148148148148	0.385	1.5	https://shop-phinf.pstatic.net/20230918_27/1695032494853g1cBx_JPEG/716968753424446_1126211769.jpg?type=m510|https://shop-phinf.pstatic.net/20230911_61/1694414863253V0W2R_JPEG/10701336069156480_606136744.jpg?type=m510|https://shop-phinf.pstatic.net/20230911_234/1694414863426J8gNV_JPEG/10701336230469680_1447184713.jpg?type=m510|https://shop-phinf.pstatic.net/20230911_237/1694414863712zbwpP_JPEG/10701336519683576_1313706590.jpg?type=m510|https://shop-phinf.pstatic.net/20230911_156/1694414863978YUlxH_JPEG/10701336778558671_1637607123.jpg?type=m510|https://shop-phinf.pstatic.net/20230911_178/16944148642218NeaP_JPEG/10701337016649593_868727159.jpg?type=m510|https://shop-phinf.pstatic.net/20230911_64/1694414863087b0MjC_JPEG/10701335905975128_2248604.jpg?type=m510
24c57593-8341-4659-b4d1-fc882253f690	[무료배송] 니벨아레나 부스터팩 박스 (24팩) BT01 인카운터 / 프로모 2팩 / 승리의 여신 니케 TCG	HOME > 전체 보드게임 > 	2.846153846153846	-0.2498846396931306	0.39	1.5	https://sazo-qa-ai-resources.s3.ap-northeast-2.amazonaws.com/img/24c57593-8341-4659-b4d1-fc882253f690.png
ae7be38d-9ad7-4cc6-a715-22484edf5469	우리끼리 사고파는 창작마켓 - 윗치폼		2.80952380952381	-0.4260204081632653	0.105	0.4	https://sazo-qa-ai-resources.s3.ap-northeast-2.amazonaws.com/img/ae7be38d-9ad7-4cc6-a715-22484edf5469.png
34ae83da-63bc-4cf7-ba76-c91351a4ec8f	아이돌룩 삐앙이(텀블벅잔량)		2.80952380952381	-0.3253933566433566	0.105	0.4	https://sazo-qa-ai-resources.s3.ap-northeast-2.amazonaws.com/img/34ae83da-63bc-4cf7-ba76-c91351a4ec8f.png
a7e9255f-0e68-4351-9585-c7e5e2348b64	[뽕이] 괴수 8호 비공굿 통판	undefined > 	2.773584905660377	6.9411764705882355	0.265	1.0	https://sazo-qa-ai-resources.s3.ap-northeast-2.amazonaws.com/img/a7e9255f-0e68-4351-9585-c7e5e2348b64.png
2ff986ef-f392-4eb5-ae62-0a8e2d0ebe4c	MIU404 10cm 미우 바막 입금폼 | 단 하나뿐인 창작을 위한 주문서 폰디		2.7499999999999996	-0.6681180454765361	0.08	0.3	https://sazo-qa-ai-resources.s3.ap-northeast-2.amazonaws.com/img/2ff986ef-f392-4eb5-ae62-0a8e2d0ebe4c.webp
3283bf3d-6d29-4a68-b3c8-ef7dac1cec1f	무속성 10cm 솜인형 옷 겨울바람	키덜트 > 피규어/인형 > 	2.7499999999999996	-0.5661311097552709	0.08	0.3	https://sazo-qa-ai-resources.s3.ap-northeast-2.amazonaws.com/img/3283bf3d-6d29-4a68-b3c8-ef7dac1cec1f.jpg
6e907086-9b4e-425c-a61c-fd93d72173f1	(당일발송 위버스 앨범) 르세라핌 LE SSERAFIM 미니 5집 HOT Weverse Albums B ver	생활/건강>음반>국내앨범	2.7499999999999996	-0.6420454545454546	0.08	0.3	https://sazo-qa-ai-resources.s3.ap-northeast-2.amazonaws.com/img/6e907086-9b4e-425c-a61c-fd93d72173f1.jpg
d45efcc5-6887-455d-b4ba-3e5d34b5edcf	[볼링용품] 스톰 피직스 패치 색상랜덤		2.7499999999999996	-0.1666666666666666	0.08	0.3	https://sazo-qa-ai-resources.s3.ap-northeast-2.amazonaws.com/img/d45efcc5-6887-455d-b4ba-3e5d34b5edcf.jpg
23e3f065-c993-4d63-abb7-3fdb08151bbc	천관사복 넨도로이드 넨도 중국 굿스마일 점포 특전	키덜트 > 피규어/인형 > 	2.7499999999999996	-0.4212962962962963	0.08	0.3	https://sazo-qa-ai-resources.s3.ap-northeast-2.amazonaws.com/img/23e3f065-c993-4d63-abb7-3fdb08151bbc.jpg
ddc49c27-bced-4c8c-8c76-0048173859a5	METAL WEAR SHELL	HOME > EVENING GLOW > METAL WEAR SHELL > 	2.72093023255814	-0.2660615099169769	0.215	0.8	https://tamburins-resource.s3.ap-northeast-2.amazonaws.com/catalog/product/12001450/6ba41050-6ec6-411c-a985-ea4b4151634f/Thumbnail03_Evening Glow_Shell_Wear.jpg
f82d2e37-c8a1-4a0b-9379-47dd5ca9ff44	방탄모 헬멧커버(국산) 미군M88 미치2000,M1 방탄모3가지 A/S가능	공유 > 	2.72093023255814	0.2878598247809762	0.215	0.8	https://sazo-qa-ai-resources.s3.ap-northeast-2.amazonaws.com/img/f82d2e37-c8a1-4a0b-9379-47dd5ca9ff44.jpg
bc3604e1-672e-4ec1-9aca-3ea99b6da6ac	모듈가구 콤비락 유리선반 진열장 거실가구 인테리어 직사각 2단/3단 6colors	가구/인테리어>수납가구>선반	2.7064492216456633	-0.4350034317089911	6.745	25.0	https://sazo-qa-ai-resources.s3.ap-northeast-2.amazonaws.com/img/bc3604e1-672e-4ec1-9aca-3ea99b6da6ac.jpg
b9aea2c1-ff8d-4389-9746-6821b4b7f186	아랑아로 2025 기프트세트	Home > Shop > Promotion > 	2.7037037037037033	-0.475	0.405	1.5	https://cdn.imweb.me/thumbnail/20241212/6c6b48028d539.jpg
5b01747c-92ed-40c9-9177-b8e3d1fb4a7a	모듈가구 콤비락 유리선반 진열장 거실가구 인테리어 직사각 2단/3단 6colors	가구/인테리어>수납가구>선반	2.6982248520710064	-0.3506125970664366	6.76	25.0	https://sazo-qa-ai-resources.s3.ap-northeast-2.amazonaws.com/img/5b01747c-92ed-40c9-9177-b8e3d1fb4a7a.jpg
059ba2be-a2a4-4c7e-8f42-afd1cf136079	[대원씨아이/특전제공] 다이아몬드의 공죄 6권	홈 > 전체 상품 > 만화 > 대원씨아이샵 특전 > 	2.6363636363636367	-0.9125874125874126	0.11	0.4	https://cafe24.poxo.com/ec01/daiwonci/PqYAeXr9cC3ewV7j5+hci/ZUz2Xy6dWSaLgl/UGkOd07ccF46FoKy87a5j2uK/FTzV9fL02faH6L4EcIovHr5Q==/_/web/product/big/202504/2b31819987efe0f49c76d2035e740af9.jpg
d6510193-5c86-4d94-b293-aa527fa4ba0b	우리끼리 사고파는 창작마켓 - 윗치폼		2.6363636363636367	-0.3911942333917786	0.11	0.4	https://sazo-qa-ai-resources.s3.ap-northeast-2.amazonaws.com/img/d6510193-5c86-4d94-b293-aa527fa4ba0b.jpg
7421b46f-0406-401c-8335-92c3f1273f33	베이블레이드 X UX 드랜 버스터 팝니다.	유아동/출산 > 교구/완구/인형 > 스포츠완구 > 	2.6363636363636367	-0.1807820545890535	0.22	0.8	https://sazo-qa-ai-resources.s3.ap-northeast-2.amazonaws.com/img/7421b46f-0406-401c-8335-92c3f1273f33.jpg
413c8700-4efb-40f8-8f0a-b5c751502cfc	우리끼리 사고파는 창작마켓 - 윗치폼		2.6363636363636367	-0.3601497875128539	0.11	0.4	https://sazo-qa-ai-resources.s3.ap-northeast-2.amazonaws.com/img/413c8700-4efb-40f8-8f0a-b5c751502cfc.jpg
4a291730-b475-44f2-9274-b6aef6c5abbc	엔젤톡 (2 option / 3 color)	디지털/가전>휴대폰액세서리>휴대폰거치대	2.6363636363636367	-0.2857142857142857	0.11	0.4	https://sazo-qa-ai-resources.s3.ap-northeast-2.amazonaws.com/img/4a291730-b475-44f2-9274-b6aef6c5abbc.png
f7d53e75-f9d2-40ea-98b7-1e91058124bf	[림버스컴퍼니] 공식, 비공식 굿즈 정리합니다		2.6363636363636367	-0.5445344129554656	0.11	0.4	https://sazo-qa-ai-resources.s3.ap-northeast-2.amazonaws.com/img/f7d53e75-f9d2-40ea-98b7-1e91058124bf.jpg
45cce334-8488-4643-9a1e-1fdc75e553b4	(무료배송) 위드미루 계침대 계산기침대 아크릴 계산기받침대 트레이 현금생활	생활/건강>문구/사무용품>데스크용품>데스크정리함	2.6363636363636367	-0.6137931034482759	0.22	0.8	https://sazo-qa-ai-resources.s3.ap-northeast-2.amazonaws.com/img/45cce334-8488-4643-9a1e-1fdc75e553b4.jpg
7f603c34-c8dc-4a52-a2aa-faa10654e162	방수 사우나 가운 땀복 찜질방가운 다용도가운 좌훈 치마	생활/건강>욕실용품>샤워/목욕용품>샤워가운	2.6363636363636367	-0.5978120978120978	0.22	0.8	https://sazo-qa-ai-resources.s3.ap-northeast-2.amazonaws.com/img/7f603c34-c8dc-4a52-a2aa-faa10654e162.png
f276cb5c-7948-4cd5-a72a-a0988fe7402f	뉴A9 가죽 다이어리 3공 현금 바인더 기인돼지	생활/건강>문구/사무용품>다이어리/플래너>바인더	2.6363636363636367	-0.2458521870286576	0.22	0.8	https://sazo-qa-ai-resources.s3.ap-northeast-2.amazonaws.com/img/f276cb5c-7948-4cd5-a72a-a0988fe7402f.jpg
9378445b-f60f-4e23-b771-87474a3a4290	아랑아로 2025 기프트세트	Home > Shop > Promotion > 	2.5714285714285716	-0.37	0.42	1.5	https://cdn.imweb.me/thumbnail/20241212/6c6b48028d539.jpg
0761ddf9-3251-4036-a27c-b73a3b537e3a	무드 리플렉터	Shop > Object > 	2.555555555555556	0.7422222222222222	0.225	0.8	https://sazo-qa-ai-resources.s3.ap-northeast-2.amazonaws.com/img/0761ddf9-3251-4036-a27c-b73a3b537e3a.png
f1d62524-2532-488c-a3c7-cc4c6472a0b6	훌라핑 미개봉 캐치티니핑 서프라이즈박스2 인형	유아동/출산 > 교구/완구/인형 > 인형(유아용) > 	2.555555555555556	-0.3608695652173913	0.225	0.8	https://sazo-qa-ai-resources.s3.ap-northeast-2.amazonaws.com/img/f1d62524-2532-488c-a3c7-cc4c6472a0b6.jpg
5b9b6209-f072-4b1c-ac38-f175d91a4d23	전지적 독자 시점 전독시 팝업 카페유중혁 김독자 아크릴 디오라마 미개봉	키덜트 > 피규어/인형 > 	2.555555555555556	0.9762845849802372	0.225	0.8	https://media.bunjang.co.kr/product/307100586_{cnt}_1734670464_w{res}.jpg
95667e59-29ac-4904-890a-167f85f79201	[광장 마켓] 국내 김치맛김 (40개 묶음) laver 선물용 김치김	식품>수산물>김/해초>김	2.5294117647058822	-0.8745212521626679	0.425	1.5	https://sazo-qa-ai-resources.s3.ap-northeast-2.amazonaws.com/img/95667e59-29ac-4904-890a-167f85f79201.jpg
2292837c-9c15-478e-9a20-d8ae09945a1a	동서 한잔용 옥수수차 1 5g x 100T	식품>음료>차류>옥수수차	2.5294117647058822	-0.5555555555555556	0.425	1.5	https://sazo-qa-ai-resources.s3.ap-northeast-2.amazonaws.com/img/2292837c-9c15-478e-9a20-d8ae09945a1a.jpg
6227cfd4-f7b0-44dc-9b5a-d6f6acdb8f65	크로스톡 (2 option / 4 color)	디지털/가전>휴대폰액세서리>휴대폰거치대	2.529411764705882	-0.5179063360881543	0.085	0.3	https://sazo-qa-ai-resources.s3.ap-northeast-2.amazonaws.com/img/6227cfd4-f7b0-44dc-9b5a-d6f6acdb8f65.png
ffbcc056-e507-4353-b354-4fa0bfb6d046	10,20CM 솜인형 옷 무속성솜	키덜트 > 피규어/인형 > 	2.529411764705882	-0.0886234633889349	0.085	0.3	https://sazo-qa-ai-resources.s3.ap-northeast-2.amazonaws.com/img/ffbcc056-e507-4353-b354-4fa0bfb6d046.jpg
ee10f6ad-4acf-4b06-a8f2-f2de01f893de	OHSOPH 볼륨-업 듀얼 펜슬라이너	홈 > All > EYE > 	2.529411764705882	-0.9524105258398948	0.085	0.3	https://sazo-qa-ai-resources.s3.ap-northeast-2.amazonaws.com/img/ee10f6ad-4acf-4b06-a8f2-f2de01f893de.webp
c8d814b7-46b1-42ae-a0ab-1addcde5062a	행운드림즈 행운쮠 엔시티 런쥔 인형 (가방x)	스타굿즈 > 보이그룹 > 인형/피규어 > 	2.529411764705882	-0.6706989247311828	0.085	0.3	https://sazo-qa-ai-resources.s3.ap-northeast-2.amazonaws.com/img/c8d814b7-46b1-42ae-a0ab-1addcde5062a.jpg
58790101-7478-46d8-a01e-1962db7b26df	스플래툰 오비츠 구현 문어 초밥머리 닌텐도 스위치	디지털 > 게임/타이틀 > 닌텐도/NDS/Wii > 	2.529411764705882	1.1428571428571428	0.085	0.3	https://sazo-qa-ai-resources.s3.ap-northeast-2.amazonaws.com/img/58790101-7478-46d8-a01e-1962db7b26df.jpg
ee2f8a75-4c6f-4e3f-be4f-598bfb2649b4	이니스프리 민규 증사 셋트	스타굿즈 > 보이그룹 > 포스터/화보 > 	2.529411764705882	0.68	0.085	0.3	https://sazo-qa-ai-resources.s3.ap-northeast-2.amazonaws.com/img/ee2f8a75-4c6f-4e3f-be4f-598bfb2649b4.jpg
6bf285ea-b267-4020-be54-06ec7713e8e8	모짜빈 눕짜빈 아스트로 문빈 인형	스타굿즈 > 보이그룹 > 인형/피규어 > 	2.529411764705882	0.0989010989010989	0.085	0.3	https://sazo-qa-ai-resources.s3.ap-northeast-2.amazonaws.com/img/6bf285ea-b267-4020-be54-06ec7713e8e8.jpg
f8177746-6ad9-4c33-871b-adf01453c166	트리플에스 - 미니앨범 [EVOLution] (Objekt Music Album)	북펀드 > 단한권 인쇄소 > 고객센터 > 알라디너TV > 알라딘 서재 > 북플 > 	2.529411764705882	-0.8391812865497076	0.085	0.3	https://sazo-qa-ai-resources.s3.ap-northeast-2.amazonaws.com/img/f8177746-6ad9-4c33-871b-adf01453c166.jpg
880419ce-6cd7-4667-8f04-a8d168e6a345	뮤드 래쉬 트위저	공유 > 	2.529411764705882	-0.1629464285714285	0.085	0.3	https://shop-phinf.pstatic.net/20240417_61/1713318924011GqU2s_JPEG/114454822724626996_79476948.jpg?type=m510
91979f3c-c4ed-4541-b7d7-e163e22cfca1	라인프렌즈 truz 트루즈 som 솜 (도영) 미니미니니 마그넷	스타굿즈 > 보이그룹 > 인형/피규어 > 	2.529411764705882	0.0256410256410256	0.085	0.3	https://media.bunjang.co.kr/product/280913527_{cnt}_1725511963_w{res}.jpg
3e9a152d-54b9-45c8-8c31-42474fa1ae53	펜디 피카부 토트백	가방/지갑 > 여성가방 > 토트백 > 	2.508771929824562	0.8864534674811352	0.285	1.0	https://sazo-qa-ai-resources.s3.ap-northeast-2.amazonaws.com/img/3e9a152d-54b9-45c8-8c31-42474fa1ae53.jpg
b9aea2c1-ff8d-4389-9746-6821b4b7f186	아랑아로 2025 기프트세트	Home > Shop > Promotion > 	2.488372093023256	-0.330078125	0.43	1.5	https://cdn.imweb.me/thumbnail/20241212/6c6b48028d539.jpg
c8b80e52-96db-4a4c-b24d-7d36327a7459	아랑아로 2025 기프트세트	Home > Shop > Promotion > 	2.488372093023256	-0.5426666666666666	0.43	1.5	https://cdn.imweb.me/thumbnail/20241212/6c6b48028d539.jpg
d5c9eed5-da38-4f78-92dd-ae909449ec56	Lucky Card Book (cyan/chestnut)	Home > SHOP > STEADY SELLER > card book > 	2.4782608695652177	-0.509361890092486	0.115	0.4	https://sazo-qa-ai-resources.s3.ap-northeast-2.amazonaws.com/img/d5c9eed5-da38-4f78-92dd-ae909449ec56.jpg
24f107bf-ec84-44f6-a888-2af1a75d7e19	앤팀 유키아카리 케타포 ktown4u 미공포		2.4782608695652177	-0.6760908396761944	0.115	0.4	https://sazo-qa-ai-resources.s3.ap-northeast-2.amazonaws.com/img/24f107bf-ec84-44f6-a888-2af1a75d7e19.png
aaeb779e-554b-494a-9588-f701cd5a1ed6	KP_달콤 꿀 오버레 아크릴 스탠드 3종		2.4782608695652177	-0.3845693779904306	0.23	0.8	https://sazo-qa-ai-resources.s3.ap-northeast-2.amazonaws.com/img/aaeb779e-554b-494a-9588-f701cd5a1ed6.jpg
9ab70249-d025-4853-b135-ebcf274d5e36	스톰 롤링 썬더 플러스 쓰리볼 롤러백 3볼 볼링가방 볼링용품	스포츠/레저>볼링>볼링가방	2.45056403450564	-0.9322602942628616	7.535	26.0	https://sazo-qa-ai-resources.s3.ap-northeast-2.amazonaws.com/img/9ab70249-d025-4853-b135-ebcf274d5e36.jpg
a2871379-9e3f-4b4f-917f-f486b500b259	아랑아로 2025 기프트세트	Home > Shop > Promotion > 	2.4482758620689653	-0.265	0.435	1.5	https://cdn.imweb.me/thumbnail/20241212/6c6b48028d539.jpg
37281d0d-a746-4f12-af3d-9096e8e78e41	이디야 커피 스페셜 에디션 비니스트 1g x 130개	커피/음료>커피>커피믹스	2.4210526315789473	-0.3636363636363636	0.38	1.3	//image.auction.co.kr/itemimage/4b/6d/8f/4b6d8f1c76.jpg|//image.auction.co.kr/itemimage/42/bc/84/42bc848101.jpg|//image.auction.co.kr/itemimage/42/bc/84/42bc848121.jpg|//image.auction.co.kr/itemimage/42/bc/84/42bc848131.jpg
b3d960d6-c60b-4fd7-b99b-0a3e7c28d3f2	변우석 인형 우체통 인형 세트	스타굿즈 > 배우(남) > 팬시/포토카드 > 	2.4042553191489366	-0.0788088434351028	0.235	0.8	https://sazo-qa-ai-resources.s3.ap-northeast-2.amazonaws.com/img/b3d960d6-c60b-4fd7-b99b-0a3e7c28d3f2.jpg
1fb7131f-058b-42c3-a06e-1ee968650b29	바잇미 컴팩트 소프트매트 강아지 반려동물 2colors	생활/건강>반려동물>리빙용품>매트	2.3707865168539324	-0.8260869565217391	0.445	1.5	https://shop-phinf.pstatic.net/20240503_73/1714726134008vn8qF_JPEG/115862022702827475_1640184686.jpg?type=m510|https://shop-phinf.pstatic.net/20240503_155/1714726139112UDSHC_JPEG/115862027807332126_369750183.jpg?type=m510|https://shop-phinf.pstatic.net/20240503_118/1714726139329a9Csh_JPEG/115862028023137206_69725495.jpg?type=m510|https://shop-phinf.pstatic.net/20240503_220/1714726139587VF6Fr_JPEG/115862028285260371_1645884771.jpg?type=m510|https://shop-phinf.pstatic.net/20240503_26/1714726139793q9IJi_JPEG/115862028489648760_547223697.jpg?type=m510
56308001-a44c-4f08-ba69-b1f11aa7312c	베이블레이드x 위저드골드	유아동/출산 > 교구/완구/인형 > 캐릭터완구/로봇 > 	2.3333333333333335	0.4767558627207751	0.12	0.4	https://sazo-qa-ai-resources.s3.ap-northeast-2.amazonaws.com/img/56308001-a44c-4f08-ba69-b1f11aa7312c.jpg
1ec81cc8-c5c1-4dc7-b6c2-96735872cd9b	세븐틴 정한 쫑티쥬 인형 양도합니다	스타굿즈 > 보이그룹 > 인형/피규어 > 	2.3333333333333335	1.556818181818182	0.12	0.4	https://sazo-qa-ai-resources.s3.ap-northeast-2.amazonaws.com/img/1ec81cc8-c5c1-4dc7-b6c2-96735872cd9b.jpg
c1e2ee53-bfa4-4f44-a679-af1ef55eddd9	[월간포카] 열여덟의 침대	생활/건강>수집품>아이돌굿즈>기타굿즈	2.3333333333333335	0.0998938235828968	0.09	0.3	https://sazo-qa-ai-resources.s3.ap-northeast-2.amazonaws.com/img/c1e2ee53-bfa4-4f44-a679-af1ef55eddd9.png
03ef68c2-0b30-40f5-b2f5-5c2846ae8b95	데이식스 포에버영 앙콘엠디  라이트밴드 커스텀 커버	스타굿즈 > 보이그룹 > 인형/피규어 > 	2.3333333333333335	-0.2470106322098732	0.09	0.3	https://sazo-qa-ai-resources.s3.ap-northeast-2.amazonaws.com/img/03ef68c2-0b30-40f5-b2f5-5c2846ae8b95.jpg
9f8f61b5-aac6-46eb-89ef-9a9410cc91d2	orang crew		2.3333333333333335	-0.6596212037836507	0.15	0.5	https://sazo-qa-ai-resources.s3.ap-northeast-2.amazonaws.com/img/9f8f61b5-aac6-46eb-89ef-9a9410cc91d2.jpg
0bfc8961-29ee-4e7c-87a1-ac4ea70f8c24	우리끼리 사고파는 창작마켓 - 윗치폼		2.3333333333333335	-0.4409135026098157	0.12	0.4	https://sazo-qa-ai-resources.s3.ap-northeast-2.amazonaws.com/img/0bfc8961-29ee-4e7c-87a1-ac4ea70f8c24.jpg
af9dae21-7e7a-49ae-a8ca-c0bbddf7c994	자체제작 수제몰드 / 캐슬 호텔키링 몰드		2.3333333333333335	-0.8863866910123757	0.09	0.3	https://sazo-qa-ai-resources.s3.ap-northeast-2.amazonaws.com/img/af9dae21-7e7a-49ae-a8ca-c0bbddf7c994.jpg
cff4be37-f6c5-4fe0-bfcf-2df1f089563e	웨이트리스 키티 스트랩	키덜트 > 피규어/인형 > 	2.3333333333333335	-0.5574731718110411	0.09	0.3	https://sazo-qa-ai-resources.s3.ap-northeast-2.amazonaws.com/img/cff4be37-f6c5-4fe0-bfcf-2df1f089563e.jpg
8f2a34dd-d808-4fa6-8dc2-038f6ff966b8	(가격인하X) 비투비 서은광 반입팡 한입팡	스타굿즈 > 보이그룹 > 인형/피규어 > 	2.3333333333333335	-0.1213683223992502	0.09	0.3	https://sazo-qa-ai-resources.s3.ap-northeast-2.amazonaws.com/img/8f2a34dd-d808-4fa6-8dc2-038f6ff966b8.jpg
18d2f4ad-8867-4008-a211-a75af530b84d	땅콩 도토리 탈쓴 걸이인형	유아/완구	2.3333333333333335	-0.6736596736596736	0.09	0.3	https://sazo-qa-ai-resources.s3.ap-northeast-2.amazonaws.com/img/18d2f4ad-8867-4008-a211-a75af530b84d.jpg
6fc55070-b118-40a4-92fb-017df04845bc	캐릭터 호빵맨파츠 세균맨파츠 지비추 자비츠 클로그 실내화 신발 참 악세사리 장식	패션잡화>신발용품>기타신발용품	2.3333333333333335	1.5	0.09	0.3	https://sazo-qa-ai-resources.s3.ap-northeast-2.amazonaws.com/img/6fc55070-b118-40a4-92fb-017df04845bc.jpg
6d16095c-395b-4ec9-84bd-fa4b14188138	[12서코 CL-49] 스텔라이브 통판폼		2.3333333333333335	-0.4444444444444444	0.09	0.3	https://sazo-qa-ai-resources.s3.ap-northeast-2.amazonaws.com/img/6d16095c-395b-4ec9-84bd-fa4b14188138.png
a9dcd009-7ce1-45b2-a81c-d5a6be161893	트리플에스 - 정규 ASSEMBLE24 (Objekt Music Album ver.3)		2.3333333333333335	-0.8828125	0.09	0.3	https://image.aladin.co.kr/product/35452/1/cover500/c022938225_1.jpg
a2871379-9e3f-4b4f-917f-f486b500b259	아랑아로 2025 기프트세트	Home > Shop > Promotion > 	2.3333333333333335	-0.4518821022727273	0.45	1.5	https://cdn.imweb.me/thumbnail/20241212/6c6b48028d539.jpg
e6da6b0f-0587-4029-8104-5eec764f1362	오징어게임 영희게임 박스채새상품	키덜트 > 보드게임 > 	2.2967032967032965	-0.81625	0.455	1.5	https://sazo-qa-ai-resources.s3.ap-northeast-2.amazonaws.com/img/e6da6b0f-0587-4029-8104-5eec764f1362.jpg
6adc9153-e21f-4ec0-8321-6fa299af5bab	[5차12/16출고] LOLLIPOP ALL IN ONE		2.2653061224489797	-0.8046875	0.245	0.8	https://m.mongliebe.com/web/product/big/202411/d98b1a96080ead6d5b31c901ff524ea2.png
cde068eb-7291-46db-b9e1-27d831cf0783	휴대용 먼지 탐색기 판도라이트	undefined > 리빙 > 생활/건강용품 > 청소용품 > 	2.2653061224489797	0.2019230769230769	0.245	0.8	https://cdn.funshop.co.kr//products/0000268837/vs_image800.jpg?1733897040
2ecbd443-c775-444d-ae5f-e88b2e745900	10) 떨깅 떨옷 | 단 하나뿐인 창작을 위한 주문서 폰디		2.225806451612903	-0.826180214615289	0.155	0.5	https://sazo-qa-ai-resources.s3.ap-northeast-2.amazonaws.com/img/2ecbd443-c775-444d-ae5f-e88b2e745900.jpg
b9d7f104-d039-4113-9430-b28494f05199	biild 빌드 프리미엄 테프 발효 효소 3g x 30포 X 1박스 I	건강식품 > 영양제 > 기타영양제	2.214285714285714	-0.071509136025265	0.28	0.9	https://gdimg.gmarket.co.kr/4174618960/still/600?ver=1730647406
385c5273-6ab2-4f8a-bee5-b94e795927a4	SVT 맥세이프 카드지갑 2차판매		2.2	5.198347107438017	0.125	0.4	https://sazo-qa-ai-resources.s3.ap-northeast-2.amazonaws.com/img/385c5273-6ab2-4f8a-bee5-b94e795927a4.jpg
227dd8f3-42a0-40bf-8b4e-fbfbf3a4ab64	베이블레이드X 골드로드.3ON3케에스 미개봉	유아동/출산 > 교구/완구/인형 > 캐릭터완구/로봇 > 	2.2	-0.1818723911747167	0.25	0.8	https://sazo-qa-ai-resources.s3.ap-northeast-2.amazonaws.com/img/227dd8f3-42a0-40bf-8b4e-fbfbf3a4ab64.jpg
b9f0d1c2-070e-4ae7-9f4b-93f299b23cce	나루토 스티커 통판		2.2	-0.6390433783229665	0.125	0.4	https://sazo-qa-ai-resources.s3.ap-northeast-2.amazonaws.com/img/b9f0d1c2-070e-4ae7-9f4b-93f299b23cce.png
c43855c1-7ed9-405d-88c2-4e0674109a3f	최저가! 캐치티니핑 베이비 티니핑 샤샤핑 인형	유아동/출산 > 교구/완구/인형 > 인형(유아용) > 	2.2	-0.3989087126342028	0.125	0.4	https://sazo-qa-ai-resources.s3.ap-northeast-2.amazonaws.com/img/c43855c1-7ed9-405d-88c2-4e0674109a3f.jpg
13f861af-d269-4ac6-b542-e12ab747d794	드리미리본2 엔젤 그레이 (무속성 솜인형 옷)	스타굿즈 > 걸그룹 > 인형/피규어 > 	2.2	2.605769230769231	0.125	0.4	https://sazo-qa-ai-resources.s3.ap-northeast-2.amazonaws.com/img/13f861af-d269-4ac6-b542-e12ab747d794.jpg
f0336f4d-a43c-44eb-a6c4-3ae32ede2b11	아랑아로 2025 기프트세트	Home > Shop > Promotion > 	2.191489361702128	-0.5250769230769231	0.47	1.5	https://sazo-qa-ai-resources.s3.ap-northeast-2.amazonaws.com/img/f0336f4d-a43c-44eb-a6c4-3ae32ede2b11.jpg
c625adcd-ff3e-46db-a47c-b6f74379d9a2	아랑아로 2025 기프트세트	Home > Shop > Promotion > 	2.191489361702128	-0.6119909502262443	0.47	1.5	https://cdn.imweb.me/thumbnail/20241212/6c6b48028d539.jpg
2bbef07b-719b-40f2-a754-5e7998b4f2d7	라무네 엔시티 위시 유우시 리쿠 쿠션키링 핀뱃지 핀버튼 미개봉 양도		2.1578947368421053	0.2556294051664964	0.095	0.3	https://sazo-qa-ai-resources.s3.ap-northeast-2.amazonaws.com/img/2bbef07b-719b-40f2-a754-5e7998b4f2d7.jpg
8d857c82-4a26-434f-914d-862d1d147134	svt 세븐틴 승관 인형 소다/ 귤 부베어, 귤부 스트레스볼 양도합니다	스타굿즈 > 보이그룹 > 인형/피규어 > 	2.1578947368421053	0.1520949694925253	0.095	0.3	https://sazo-qa-ai-resources.s3.ap-northeast-2.amazonaws.com/img/8d857c82-4a26-434f-914d-862d1d147134.jpg
01116a30-141e-4639-aa6b-65150a04c7b2	프리파라 프로모 티켓 논슈거 투톤 도트 코디 세트 판매	예술/희귀/수집품 > 희귀/수집품 > 	2.1578947368421053	-0.6345029239766082	0.095	0.3	https://sazo-qa-ai-resources.s3.ap-northeast-2.amazonaws.com/img/01116a30-141e-4639-aa6b-65150a04c7b2.jpg
f0336f4d-a43c-44eb-a6c4-3ae32ede2b11	아랑아로 2025 기프트세트	Home > Shop > Promotion > 	2.1578947368421053	-0.6119909502262443	0.475	1.5	https://sazo-qa-ai-resources.s3.ap-northeast-2.amazonaws.com/img/f0336f4d-a43c-44eb-a6c4-3ae32ede2b11.jpg
9ad71064-c333-4c48-87a7-4a8c36e0707e	NCTWISH 엔시티위시 멤버 인형 굿즈	쿠팡 홈 > 도서/음반/DVD > DVD/블루레이 > 방송/연예인굿즈 > 	2.1578947368421053	-0.5	0.095	0.3	https://thumbnail6.coupangcdn.com/thumbnails/remote/48x48ex/image/vendor_inventory/d089/c9dd84a8f1f3a3bbc569e945f8366d9edeb3ebe97fa816a1f02cb308c3bd.jpg
6ca1bdb9-392d-45d6-b5c0-6dda542dee9a	데이식스 데니멀즈 쁘띠멀즈 사족보행 필	스타굿즈 > 보이그룹 > 인형/피규어 > 	2.1578947368421053	0.25	0.095	0.3	https://media.bunjang.co.kr/product/307788122_{cnt}_1735230145_w{res}.jpg
a2871379-9e3f-4b4f-917f-f486b500b259	아랑아로 2025 기프트세트	Home > Shop > Promotion > 	2.1578947368421053	-0.6119909502262443	0.475	1.5	https://cdn.imweb.me/thumbnail/20241212/6c6b48028d539.jpg
e1935769-47f2-458b-b43c-ad91da33f3c9	OHSOPH 더블-업 듀얼 섀도우 팔레트	홈 > All > 	2.1578947368421053	-0.8571428571428571	0.095	0.3	https://ohsoph.kr/web/product/big/202411/762dbd2ea4ff5837f5eb73dc7c537743.webp
3730b5bc-953e-4cb4-815f-aa3876b5fec3	/에이치투미디어 거성 윤수일의 회상 60곡 USB	도서음반/e교육 > DVD > DVD기타	2.1578947368421053	-0.8611111111111112	0.095	0.3	https://gdimg.gmarket.co.kr/4168046592/still/600?ver=1727957039
2da4afa4-d97c-4371-8bf5-e3ba7dc048f1	성신 X 롱샴		2.1372549019607843	-0.274745605920444	0.255	0.8	https://coycompany.blogpay.io/img/g/coycompany/0077147001730257417.jpg
b5d18c99-844d-40a5-84d8-90a30b26aa62	아랑아로 2025 기프트세트	Home > Shop > Promotion > 	2.125	-0.6119909502262443	0.48	1.5	https://cdn.imweb.me/thumbnail/20241212/6c6b48028d539.jpg
b9aea2c1-ff8d-4389-9746-6821b4b7f186	아랑아로 2025 기프트세트	Home > Shop > Promotion > 	2.125	-0.51	0.48	1.5	https://cdn.imweb.me/thumbnail/20241212/6c6b48028d539.jpg
d20b17b9-af37-48b2-afe7-95ec098c506d	LEXON 렉슨 MINA S 미나 무드등 조명 램프 - LH60	가구/인테리어 > 조명	2.1249999999999996	0.0588235294117647	0.32	1.0	https://sazo-qa-ai-resources.s3.ap-northeast-2.amazonaws.com/img/d20b17b9-af37-48b2-afe7-95ec098c506d.jpg
e504927d-b108-4905-b8e2-9267f10ac5fe	폴라리스 p1 tpu 컴팩트 텐트 원터치 쉘터 팝업 그늘막	스포츠/레저>캠핑>텐트>3-4인용	2.105590062111801	1.2367455352462169	0.805	2.5	https://shop-phinf.pstatic.net/20240906_21/17255765226014vC6K_PNG/59709373734152915_901354786.png?type=m510|https://shop-phinf.pstatic.net/20240614_97/1718319500176Lep2i_PNG/29252730938491086_1072802095.png?type=m510|https://shop-phinf.pstatic.net/20240906_73/1725576534407SXbPL_PNG/59709405535174920_1646841223.png?type=m510|https://shop-phinf.pstatic.net/20240906_234/1725576534546lpliJ_PNG/59709405677982189_1858970433.png?type=m510|https://shop-phinf.pstatic.net/20240906_137/1725576534674Tkc0h_PNG/59709405807123709_1373959638.png?type=m510|https://shop-phinf.pstatic.net/20240906_138/1725576534765plrmQ_PNG/59709405896775359_2121835896.png?type=m510|https://shop-phinf.pstatic.net/20240906_73/1725576534884C96L4_PNG/59709406005044343_592019852.png?type=m510
2dea5d9e-92bf-4897-998f-a8bddfc3aef9	레파즈 슈퍼 드림 랙 소형 중단 슈퍼드림 터브 포함	생활/건강>반려동물>기타반려동물용품	2.1049723756906076	0.8210054328682309	2.715	8.43	https://sazo-qa-ai-resources.s3.ap-northeast-2.amazonaws.com/img/2dea5d9e-92bf-4897-998f-a8bddfc3aef9.jpg
f0336f4d-a43c-44eb-a6c4-3ae32ede2b11	아랑아로 2025 기프트세트	Home > Shop > Promotion > 	2.0927835051546393	-0.5964705882352941	0.485	1.5	https://sazo-qa-ai-resources.s3.ap-northeast-2.amazonaws.com/img/f0336f4d-a43c-44eb-a6c4-3ae32ede2b11.jpg
b9aea2c1-ff8d-4389-9746-6821b4b7f186	아랑아로 2025 기프트세트	Home > Shop > Promotion > 	2.0927835051546393	-0.6119909502262443	0.485	1.5	https://cdn.imweb.me/thumbnail/20241212/6c6b48028d539.jpg
34588e17-fcfb-471b-82ed-f70ef0c9b76d	Angel number 325 키링 통판		2.076923076923077	0.6304347826086957	0.065	0.2	https://sazo-qa-ai-resources.s3.ap-northeast-2.amazonaws.com/img/34588e17-fcfb-471b-82ed-f70ef0c9b76d.jpg
3c9c74ac-29a8-4f88-a4b4-41ffa2dd376f	데이식스 마데워치 커스텀 커버 쁘멀 방이	스타굿즈 > 보이그룹 > 응원도구 > 	2.076923076923077	-0.9090909090909092	0.065	0.2	https://sazo-qa-ai-resources.s3.ap-northeast-2.amazonaws.com/img/3c9c74ac-29a8-4f88-a4b4-41ffa2dd376f.jpg
4a291730-b475-44f2-9274-b6aef6c5abbc	엔젤톡 (2 option / 3 color)	디지털/가전>휴대폰액세서리>휴대폰거치대	2.076923076923077	-0.2857142857142857	0.13	0.4	https://sazo-qa-ai-resources.s3.ap-northeast-2.amazonaws.com/img/4a291730-b475-44f2-9274-b6aef6c5abbc.png
ac997f1f-c61d-46cf-ada3-e6824152655b	엔젤톡 (2 option / 3 color)	디지털/가전>휴대폰액세서리>휴대폰거치대	2.076923076923077	-0.3196069323888872	0.13	0.4	https://sazo-qa-ai-resources.s3.ap-northeast-2.amazonaws.com/img/ac997f1f-c61d-46cf-ada3-e6824152655b.png
61eef70f-0be4-440c-bb04-21e9c5242bf2	스너글 블루스파클 플러스 섬유유연제 본품, 1.8L, 1개	액체 섬유유연제	2.054755043227665	0.8239055654654426	1.735	5.3	https://sazo-qa-ai-resources.s3.ap-northeast-2.amazonaws.com/img/61eef70f-0be4-440c-bb04-21e9c5242bf2.jpg
5f8dd437-d333-477a-bc5f-7f89956cd4e1	아랑아로 2025 기프트세트	Home > Shop > Promotion > 	2.0303030303030303	-0.6224776813012107	0.495	1.5	https://cdn.imweb.me/thumbnail/20241212/6c6b48028d539.jpg
17c7b65e-a5bf-4083-bbd8-73925913edd1	(미개봉)세레나 단행본 1~5권 굿즈 5종 일괄 양도	도서/티켓/문구 > 도서 > 만화 > 	2.03030303030303	-0.8538877546249396	0.33	1.0	https://sazo-qa-ai-resources.s3.ap-northeast-2.amazonaws.com/img/17c7b65e-a5bf-4083-bbd8-73925913edd1.jpg
152e424f-c92e-4b4b-8261-1c52ec47b034	10깅 떨옷 팝니다(원가 또는 원가이하) | 단 하나뿐인 창작을 위한 주문서 폰디		2.03030303030303	-0.8742067161034273	0.165	0.5	https://sazo-qa-ai-resources.s3.ap-northeast-2.amazonaws.com/img/152e424f-c92e-4b4b-8261-1c52ec47b034.webp
f74a224d-d43c-4a69-a9df-bbd0f174e0ad	뉴트리디데이 다이어트 카페빼네 아메리카노맛 1박스(30포) 외 / 다이어트 커피 체중 체지방 감소 가르시니아	식품>다이어트식품>가르시니아	2.018867924528302	-0.4235294117647059	0.265	0.8	https://sazo-qa-ai-resources.s3.ap-northeast-2.amazonaws.com/img/f74a224d-d43c-4a69-a9df-bbd0f174e0ad.jpg
e0201832-acf4-43eb-a55d-ba832eefcde0	[정한] 세븐틴 SEVENTEEN Face the Sun 페이스 더 썬 위버스 특전 홀로그램 포토액자	생활/건강>수집품>아이돌굿즈>포토/브로마이드	2.0	-0.8534927332395688	0.1	0.3	https://sazo-qa-ai-resources.s3.ap-northeast-2.amazonaws.com/img/e0201832-acf4-43eb-a55d-ba832eefcde0.jpg
