product_version_id,title_origin,category,volume_error,weight_error,actual_volume_cm3,ai_volume_cm3,thumbnail_urls
5b01747c-92ed-40c9-9177-b8e3d1fb4a7a,모듈가구 콤비락 유리선반 진열장 거실가구 인테리어 직사각 2단/3단 6colors,가구/인테리어>수납가구>선반,30.04852904199145,293.1176470588235,1590.8,49392.0,https://sazo-qa-ai-resources.s3.ap-northeast-2.amazonaws.com/img/5b01747c-92ed-40c9-9177-b8e3d1fb4a7a.jpg
1d4b9ee5-6917-4c58-baaa-c02c2cec5c47,진로소주 디스펜서 쿨러 굿즈 혼술 기계 신혼선물 테라 굿즈 술친구 두꺼비,생활/건강>주방용품>주방잡화>기타주방잡화,10.145510835913312,3.761904761904762,2422.5,27000.0,https://shop-phinf.pstatic.net/20240105_247/1704441723530b1KHQ_JPEG/105577557329269695_2135383969.jpg?type=m510|https://shop-phinf.pstatic.net/20240105_68/1704442035371JETAg_JPEG/105577869159831918_791253970.jpg?type=m510|https://shop-phinf.pstatic.net/20240105_270/1704442045547Ku0fU_JPEG/105577879339846636_1016505859.jpg?type=m510|https://shop-phinf.pstatic.net/20220817_243/1660706051702HlbmO_JPEG/61841950390490470_970045723.jpg?type=m510|https://shop-phinf.pstatic.net/20220817_39/1660706051934Hjane_JPEG/61841950617718363_1915447708.jpg?type=m510|https://shop-phinf.pstatic.net/20231102_263/1698889830221iXqKB_JPEG/15982653182725354_1258190942.jpg?type=m510|https://shop-phinf.pstatic.net/20220920_163/1663658322282GQzAb_JPEG/64794156095927021_741241589.jpg?type=m510|https://shop-phinf.pstatic.net/20220920_130/16636583224993XQvL_JPEG/64794156312455575_2067221317.jpg?type=m510|https://shop-phinf.pstatic.net/20220920_103/1663658322710zWeL6_JPEG/64794156523239593_1015710496.jpg?type=m510|https://shop-phinf.pstatic.net/20220920_237/1663658322859OQ3Mq_JPEG/64794156666737850_1297158169.jpg?type=m510
966595ff-f137-4cc8-8df6-5b721e02d76b,헬리녹스 택티컬 코트 텐트 솔로 패브릭 이너텐트+플라이 풀세트,스포츠/레저>캠핑>텐트>1-2인용,10.11111111111111,0.0174418604651162,22500.0,250000.0,https://sazo-qa-ai-resources.s3.ap-northeast-2.amazonaws.com/img/966595ff-f137-4cc8-8df6-5b721e02d76b.jpg
c4057ced-fbf6-4783-beca-5ce0ed6246c1,"[금속부자재] 솔트레지(8mm,12mm,14mm)",,7.648723448419013,24.0,1040.616,9000.0,https://sazo-qa-ai-resources.s3.ap-northeast-2.amazonaws.com/img/c4057ced-fbf6-4783-beca-5ce0ed6246c1.jpg
5a11a255-64fd-4603-916a-475593d45dff,"(가격 인하 더이상X) 라오루 얀, 뒤틀린 얀 아크릴",기타 > ,7.225969201971306,3.6875,3282.2880000000005,27000.0,https://sazo-qa-ai-resources.s3.ap-northeast-2.amazonaws.com/img/5a11a255-64fd-4603-916a-475593d45dff.jpg
a7e9255f-0e68-4351-9585-c7e5e2348b64,[뽕이] 괴수 8호 비공굿 통판,undefined > ,6.9411764705882355,2.773584905660377,3400.0,27000.0,https://sazo-qa-ai-resources.s3.ap-northeast-2.amazonaws.com/img/a7e9255f-0e68-4351-9585-c7e5e2348b64.png
59d349bd-030f-4d9c-a4dd-16a7b1c8e40a,"에나마후에나 게스트북 : 따스한 색으로 채워질, 지금의 투명한 너에게",undefined > ,6.177033492822966,0.7857142857142856,3762.0,27000.0,https://static.takemm.com/_next/static/media/default_prod_img.de51ce71.jpg
f19bb261-9c35-4f54-a805-a1a5d475390d,(새상품)노르디스크 아스가르드 12.6블랙텐트(텐트+집인플로어),스포츠/레저 > 캠핑 > 텐트/그늘막 > ,5.612388106697854,-0.8864373783257625,133386.0,882000.0,https://sazo-qa-ai-resources.s3.ap-northeast-2.amazonaws.com/img/f19bb261-9c35-4f54-a805-a1a5d475390d.jpg
2f8ce763-04b5-4a08-bcf9-8dd2e384d913,[국내오늘출발] SAMG 메탈카드봇S 블래스트레인 특급열차 기차 로봇,생활/건강>수집품>모형/프라모델/피규어>피규어,5.599837204015634,11.307692307692308,681.835,4500.0,https://sazo-qa-ai-resources.s3.ap-northeast-2.amazonaws.com/img/2f8ce763-04b5-4a08-bcf9-8dd2e384d913.jpg
385c5273-6ab2-4f8a-bee5-b94e795927a4,SVT 맥세이프 카드지갑 2차판매,,5.198347107438017,2.2,726.0,4500.0,https://sazo-qa-ai-resources.s3.ap-northeast-2.amazonaws.com/img/385c5273-6ab2-4f8a-bee5-b94e795927a4.jpg
8899967a-8a8c-4594-bbd2-bc610e50a4f5,[09/30 2nd]ANDAASH NINGNING ver MAX,,4.359375,4.333333333333334,1728.0,9261.0,https://ecimg.cafe24img.com/pg654b88210290031/andaash/web/product/small/20240920/1abc5ff6006bfcc5c948ff8c5c59d303.jpg|https://ecimg.cafe24img.com/pg654b88210290031/andaash/web/product/extra/big/20240920/861dd4aa97f16cd88769eceb6c1543cc.jpg|https://ecimg.cafe24img.com/pg654b88210290031/andaash/web/product/extra/big/20240920/008e6bf9244bfebae02bd90e503a05cb.jpg|https://ecimg.cafe24img.com/pg654b88210290031/andaash/web/product/extra/big/20240920/9d8bc92423574a2d24830d456558d1dc.jpg|https://ecimg.cafe24img.com/pg654b88210290031/andaash/web/product/extra/big/20240920/557e5a66c40021c4d888d0ce796c3dbb.jpg
8899967a-8a8c-4594-bbd2-bc610e50a4f5,[09/30 2nd]ANDAASH NINGNING ver MAX,,4.359375,4.161290322580645,1728.0,9261.0,https://ecimg.cafe24img.com/pg654b88210290031/andaash/web/product/small/20240920/1abc5ff6006bfcc5c948ff8c5c59d303.jpg|https://ecimg.cafe24img.com/pg654b88210290031/andaash/web/product/extra/big/20240920/861dd4aa97f16cd88769eceb6c1543cc.jpg|https://ecimg.cafe24img.com/pg654b88210290031/andaash/web/product/extra/big/20240920/008e6bf9244bfebae02bd90e503a05cb.jpg|https://ecimg.cafe24img.com/pg654b88210290031/andaash/web/product/extra/big/20240920/9d8bc92423574a2d24830d456558d1dc.jpg|https://ecimg.cafe24img.com/pg654b88210290031/andaash/web/product/extra/big/20240920/557e5a66c40021c4d888d0ce796c3dbb.jpg
99349610-69a6-435d-9870-c5602824b08b,미니멀웍스 잭 쉘터 플러스 이너텐트,스포츠/레저>캠핑>텐트>1-2인용,4.178221223473946,1.173913043478261,12166.34,63000.0,https://sazo-qa-ai-resources.s3.ap-northeast-2.amazonaws.com/img/99349610-69a6-435d-9870-c5602824b08b.jpg
09746db3-cdd4-453a-9904-b47983acb419,베이블레이드X 골드 위저드로드,유아동/출산 > 교구/완구/인형 > 스포츠완구 > ,3.8012318029115337,7.88888888888889,642.96,3087.0,https://sazo-qa-ai-resources.s3.ap-northeast-2.amazonaws.com/img/09746db3-cdd4-453a-9904-b47983acb419.jpg
2d2ee5af-5845-4611-96d7-ea07e18aa908,미니멀웍스 잭 쉘터 플러스 이너텐트,스포츠/레저>캠핑>텐트>1-2인용,3.707329626049735,1.1645021645021645,13383.384,63000.0,https://sazo-qa-ai-resources.s3.ap-northeast-2.amazonaws.com/img/2d2ee5af-5845-4611-96d7-ea07e18aa908.jpg
e57ee0aa-f176-4bdd-919c-4dbe61defdf9,반원 테이블 식탁 반타원 반원형 DIY 조립식 2인용 올화이트 반달 800 WBD,가구/인테리어>주방가구>식탁/의자>식탁테이블,3.5351473922902494,0.2547051442910916,66150.0,300000.0,https://sazo-qa-ai-resources.s3.ap-northeast-2.amazonaws.com/img/e57ee0aa-f176-4bdd-919c-4dbe61defdf9.jpg
69036cb4-f850-479e-820a-53023333b13d,호밀 4월 디페 통판,,3.5138575426559537,3.0000000000000004,1329.24,6000.0,https://sazo-qa-ai-resources.s3.ap-northeast-2.amazonaws.com/img/69036cb4-f850-479e-820a-53023333b13d.jpg
8b31641e-0fd1-4de8-ac5d-63d61c14b9a5,[병아리 풍선] 귀여운 아기병아리 생일파티 베이비샤워 백일상 돌상 두돌 세돌 닭띠생일,생활/건강>문구/사무용품>이벤트/파티용품>풍선/풍선용품,3.473913043478261,-0.2592592592592592,2070.0,9261.0,https://sazo-qa-ai-resources.s3.ap-northeast-2.amazonaws.com/img/8b31641e-0fd1-4de8-ac5d-63d61c14b9a5.jpg
4ecd070b-39fa-4660-b01f-8b4e45a44f29,정승원 포토카드,디지털 > 오디오/영상/관련기기 > 비디오/프로젝터 > ,3.3859649122807016,13.999999999999998,2052.0,9000.0,https://sazo-qa-ai-resources.s3.ap-northeast-2.amazonaws.com/img/4ecd070b-39fa-4660-b01f-8b4e45a44f29.jpg
f3922fd2-fccc-4f81-9670-16b7db6fbe24,바이맘 면 난방텐트 싱글 1인용 듀랄루민 폴[국내산],생활/건강>생활용품>생활잡화>난방텐트,3.376041914741605,-0.2614475627769571,33592.0,147000.0,https://sazo-qa-ai-resources.s3.ap-northeast-2.amazonaws.com/img/f3922fd2-fccc-4f81-9670-16b7db6fbe24.jpg
ba27edf8-0995-481c-b5b0-daeae7b13403,KARINA ver MAX,undefined > undefined > undefined > undefined > ,3.04763986013986,3.705882352941176,2288.0,9261.0,https://ecimg.cafe24img.com/pg654b88210290031/andaash/web/product/small/20240920/d70b1ad3eaca02399785d1bef0f79539.jpg
6fa18cf5-da56-4533-a7f2-e8245330cd4a,쿠디 에어텐트 면텐트 coody13.6,홈 > 제품보기 > 전체보기 > ,3.0462028766122335,1.813379180994061,52518.375,212500.0,https://sazo-qa-ai-resources.s3.ap-northeast-2.amazonaws.com/img/6fa18cf5-da56-4533-a7f2-e8245330cd4a.jpg
67887f1d-ce47-4c5f-a976-3eec0aa9aca5,[러프네이쳐] 파이어스탠드(전용백 포함),스포츠/레저>캠핑>기타캠핑용품,2.8142189932537622,-0.1037131882202304,9635.0,36750.0,https://sazo-qa-ai-resources.s3.ap-northeast-2.amazonaws.com/img/67887f1d-ce47-4c5f-a976-3eec0aa9aca5.jpg
9cad7b1a-f2e7-449b-8851-ed83dbae2d72,[트랩오버랜드]엔트립4P 미니쉘터,홈 > Awning > ,2.6629009801997774,-0.2670157068062828,26754.75,98000.0,https://sazo-qa-ai-resources.s3.ap-northeast-2.amazonaws.com/img/9cad7b1a-f2e7-449b-8851-ed83dbae2d72.jpg
13f861af-d269-4ac6-b542-e12ab747d794,드리미리본2 엔젤 그레이 (무속성 솜인형 옷),스타굿즈 > 걸그룹 > 인형/피규어 > ,2.605769230769231,2.2,1664.0,6000.0,https://sazo-qa-ai-resources.s3.ap-northeast-2.amazonaws.com/img/13f861af-d269-4ac6-b542-e12ab747d794.jpg
daf52434-a3c0-4a27-bc14-1d587e9f8cf7,브루클린웍스 게이트웨이 쉐이드 그늘막 원터치 텐트 2024년,스포츠/레저>캠핑>기타캠핑용품,2.582004011844494,-0.4894237782640409,41876.0,150000.0,https://sazo-qa-ai-resources.s3.ap-northeast-2.amazonaws.com/img/daf52434-a3c0-4a27-bc14-1d587e9f8cf7.jpg
f8244cb5-3d9c-4202-9351-66a422d00bcf,BONFLAG 캠핑 에어쇼파 소파 쇼파 의자 2인용_블랙,스포츠/레저>캠핑>캠핑가구>캠핑의자,2.399626041135475,-0.6280552603613178,41181.0,140000.0,https://sazo-qa-ai-resources.s3.ap-northeast-2.amazonaws.com/img/f8244cb5-3d9c-4202-9351-66a422d00bcf.jpg
82cd49c5-72c3-4442-b9ed-555007268978,BONFLAG 캠핑 에어쇼파 소파 쇼파 의자 2인용_블랙,스포츠/레저>캠핑>캠핑가구>캠핑의자,2.3949603511068,-0.6331236897274632,41237.594999999994,140000.0,https://sazo-qa-ai-resources.s3.ap-northeast-2.amazonaws.com/img/82cd49c5-72c3-4442-b9ed-555007268978.jpg
0a0b6a38-5d7e-4ff8-a8e1-cc9f2c88049a,프리파라 70cm 손잡이 튜브 판매,유아동/출산 > 교구/완구/인형 > 캐릭터완구/로봇 > ,2.3520186383963475,0.4285714285714285,7162.848,24010.0,https://sazo-qa-ai-resources.s3.ap-northeast-2.amazonaws.com/img/0a0b6a38-5d7e-4ff8-a8e1-cc9f2c88049a.jpg
2c6658b2-08e0-4d16-a330-eb76f647638c,BONFLAG 캠핑 에어쇼파 소파 쇼파 의자 2인용_블랙,스포츠/레저>캠핑>캠핑가구>캠핑의자,2.341687552213868,-0.6384297520661157,41895.0,140000.0,https://sazo-qa-ai-resources.s3.ap-northeast-2.amazonaws.com/img/2c6658b2-08e0-4d16-a330-eb76f647638c.jpg
c78ed220-ad09-4a8c-b1cb-eddfd74a436f,BONFLAG 캠핑 에어쇼파 소파 쇼파 의자 2인용_블랙,스포츠/레저>캠핑>캠핑가구>캠핑의자,2.3392963625521763,-0.637493526670119,41925.0,140000.0,https://sazo-qa-ai-resources.s3.ap-northeast-2.amazonaws.com/img/c78ed220-ad09-4a8c-b1cb-eddfd74a436f.jpg
e8a30bcf-5da7-4772-a853-094173ee9835,[새상품] 렉토 Recto 버진울 핸드 자수 빈티지 볼링 점퍼 자켓 블루,남성의류 > 아우터 > 점퍼 > ,2.1401434386509015,-0.3670886075949367,6448.75,20250.0,https://sazo-qa-ai-resources.s3.ap-northeast-2.amazonaws.com/img/e8a30bcf-5da7-4772-a853-094173ee9835.jpg
30b9caa4-03d1-42aa-8401-84652b0c0e40,Babylike 패널맘싵 Panel Mom Sheet,,2.114294612270321,4.660377358490566,2408.25,7500.0,https://sazo-qa-ai-resources.s3.ap-northeast-2.amazonaws.com/img/30b9caa4-03d1-42aa-8401-84652b0c0e40.png
22b5b4f5-878e-4320-b107-11e4a98f128c,BONFLAG 본플래그 에어쇼파 에어소파 빈백 블랙 캠핑 야외용품,스포츠/레저>캠핑>캠핑가구>캠핑의자,2.0813758343100193,-0.7360084477296727,45434.25000000001,140000.0,https://sazo-qa-ai-resources.s3.ap-northeast-2.amazonaws.com/img/22b5b4f5-878e-4320-b107-11e4a98f128c.jpg
0f75243c-20f7-40b1-a454-a8c4d0b024b4,DAY6 Denimalz Plush Pil 2024 Ver.,accessories,2.072546230440967,1.909090909090909,8787.5,27000.0,https://sazo-qa-ai-resources.s3.ap-northeast-2.amazonaws.com/img/0f75243c-20f7-40b1-a454-a8c4d0b024b4.png
9b30235e-216e-423f-bb65-4ade25a88968,OAFISH CASE,홈 > by artist > ,2.061224489795918,3.705882352941176,1960.0,6000.0,https://cafe24.poxo.com/ec01/beattitudeshop/rVTzENvU5ko/KLrPycx3zwB6BFsW2TY8KqxJUxPgnM8OT8N1Xo0G8i8Zsi/Sirlo60yneCVkBW65kJuzNPVZig==/_/web/product/small/202409/41e412e90fd237e548310ecc637c069f.jpg
e407783d-f9c8-405e-b02e-0cc149564532,카톤 전동분무기 부채꼴 분사노즐,생활/건강>공구>원예공구>압축분무기,1.94,11.5,1500.0,4410.0,https://shop-phinf.pstatic.net/20221021_19/1666325055827ib0Td_JPEG/67460898539429216_1834611463.jpg?type=m510|https://shop-phinf.pstatic.net/20221108_207/1667872163277GN2lg_PNG/69008061966436924_742281027.png?type=m510|https://shop-phinf.pstatic.net/20221108_172/1667872169744YSWVd_PNG/69008068399660876_509242690.png?type=m510|https://shop-phinf.pstatic.net/20221108_219/1667872175170lzfc2_PNG/69008073812267883_297293248.png?type=m510
494bf07a-ed92-4fd8-ad1a-70a2720e2ec8,카톤 전동분무기 부채꼴 분사노즐,생활/건강>공구>원예공구>압축분무기,1.94,10.538461538461538,1500.0,4410.0,https://shop-phinf.pstatic.net/20221021_19/1666325055827ib0Td_JPEG/67460898539429216_1834611463.jpg?type=m510|https://shop-phinf.pstatic.net/20221108_207/1667872163277GN2lg_PNG/69008061966436924_742281027.png?type=m510|https://shop-phinf.pstatic.net/20221108_172/1667872169744YSWVd_PNG/69008068399660876_509242690.png?type=m510|https://shop-phinf.pstatic.net/20221108_219/1667872175170lzfc2_PNG/69008073812267883_297293248.png?type=m510
eaedb488-4b51-455b-a958-0599bad70dff,[Honey Trap] 레이츄린 팬메이드,,1.9013539651837523,0.4285714285714285,1551.0,4500.0,https://sazo-qa-ai-resources.s3.ap-northeast-2.amazonaws.com/img/eaedb488-4b51-455b-a958-0599bad70dff.jpg
1a5b4fb0-cdc3-4a4e-8450-340053ffb1bb,숄리드 벽난로 콘솔수납장 SHM7070 블랙,가구/인테리어>침실가구>화장대>콘솔,1.776125322228832,0.9218449711723256,45387.0,126000.0,https://sazo-qa-ai-resources.s3.ap-northeast-2.amazonaws.com/img/1a5b4fb0-cdc3-4a4e-8450-340053ffb1bb.jpg
000ba415-e2fc-492f-af68-466b7ffa0922,통신판매 선입금폼 니나모모 앤솔로지: ROCK까지 27mm!,,1.6704152249134947,0.8018018018018016,3468.0,9261.0,https://sazo-qa-ai-resources.s3.ap-northeast-2.amazonaws.com/img/000ba415-e2fc-492f-af68-466b7ffa0922.jpg
bc5e57fa-ad96-4622-8cca-9c33aaabfcd1,MFGEAR IGT유닛 테이블,스포츠/레저>캠핑>캠핑가구>캠핑테이블,1.6625840952216664,-0.0269032627361189,46376.0,123480.0,https://sazo-qa-ai-resources.s3.ap-northeast-2.amazonaws.com/img/bc5e57fa-ad96-4622-8cca-9c33aaabfcd1.jpg
547205d9-57c0-4a1d-9630-cb33c9f89bdb,장바구니에 상품담기,,1.6513238583074814,-0.0243902439024389,3492.972,9261.0,https://sazo-qa-ai-resources.s3.ap-northeast-2.amazonaws.com/img/547205d9-57c0-4a1d-9630-cb33c9f89bdb.jpg
71e1f7a2-d3a5-4084-a5f9-0eb0483c01d6,YORF CHARM ROLLY PINK,홈 > GEAR > ,1.594675829422128,4.333333333333334,3569.2319999999995,9261.0,https://sazo-qa-ai-resources.s3.ap-northeast-2.amazonaws.com/img/71e1f7a2-d3a5-4084-a5f9-0eb0483c01d6.jpg
ab31fb46-1a18-49ad-9afb-9317cdbc73aa,LG 시네빔 큐브 전용 브라켓,영상액세서리,1.5806451612903225,1.1276595744680853,1550.0,4000.0,https://image6.coupangcdn.com/image/vendor_inventory/3f39/515cc1a0001900349b7c09944090b57f4def5c81f3a78d7828375ba87981.jpg
1ec81cc8-c5c1-4dc7-b6c2-96735872cd9b,세븐틴 정한 쫑티쥬 인형 양도합니다,스타굿즈 > 보이그룹 > 인형/피규어 > ,1.556818181818182,2.3333333333333335,1760.0,4500.0,https://sazo-qa-ai-resources.s3.ap-northeast-2.amazonaws.com/img/1ec81cc8-c5c1-4dc7-b6c2-96735872cd9b.jpg
fab9c15e-3b5e-4c29-aabe-69fad4668eaa,콤마나인 시드니 메인테이블 IGT 캠핑 테이블,스포츠/레저>캠핑>캠핑가구>캠핑테이블,1.5295873573309922,0.3428120063191153,68340.0,172872.0,https://sazo-qa-ai-resources.s3.ap-northeast-2.amazonaws.com/img/fab9c15e-3b5e-4c29-aabe-69fad4668eaa.jpg
6fc55070-b118-40a4-92fb-017df04845bc,캐릭터 호빵맨파츠 세균맨파츠 지비추 자비츠 클로그 실내화 신발 참 악세사리 장식,패션잡화>신발용품>기타신발용품,1.5,2.3333333333333335,1600.0,4000.0,https://sazo-qa-ai-resources.s3.ap-northeast-2.amazonaws.com/img/6fc55070-b118-40a4-92fb-017df04845bc.jpg
e00488d1-a307-4bda-ab06-2384fa0aa1ac,[원가이하 반값딜/품절임박] 편안존 5단 접이식매트리스 소파베드 9cm S D,홈 > 모든가구 > 접이식매트리스 > 접이식매트리스 > ,1.4859122552930124,0.3282732447817837,68787.625,171000.0,https://sazo-qa-ai-resources.s3.ap-northeast-2.amazonaws.com/img/e00488d1-a307-4bda-ab06-2384fa0aa1ac.jpg
dfc65ed3-bfe2-4009-a30f-5ddba3dcb9b4,마이베이비 오가닉 하우스,홈 > NEW > ,1.4641042262074817,0.9073569482288828,30066.91,74088.0,https://cafe24.poxo.com/ec01/chocopet1/DTrqTwcmXhQtWpbGHztW7vc79kp0mNeiomsAKqoBF6Vp7A+2zvwL8H/hg7yvgMC26va/8QUAs3/ZRtbg7wUvsw==/_/web/product/big/202408/ecd827196bfafb65f7078e4ccd7d51ae.jpg
398ebc5b-ee1f-4b59-8ad2-06392d53f318,믹스앤매치 오디너리 스트라이프 순면+렌징모달100% 체온조절 이불베개세트 SS,가구/인테리어>침구세트>이불베개세트>슈퍼싱글이불베개세트,1.462568951930654,-0.0039840637450198,60912.0,150000.0,https://sazo-qa-ai-resources.s3.ap-northeast-2.amazonaws.com/img/398ebc5b-ee1f-4b59-8ad2-06392d53f318.jpg
16350976-8c16-412f-b17c-20b8ce06b635,카고컨테이너 COMFORT IGT 모듈 ACC 2유닛 3유닛 메쉬넷,스포츠/레저>캠핑>캠핑가구>캠핑테이블,1.4611337000717532,-0.5444191343963554,58534.0,144060.0,https://sazo-qa-ai-resources.s3.ap-northeast-2.amazonaws.com/img/16350976-8c16-412f-b17c-20b8ce06b635.jpg
9b9308dc-a121-4e0e-8461-b669c942677c,자이언트 데니멀즈 폴라 분철 양도,스타굿즈 > 보이그룹 > 인형/피규어 > ,1.4350649350649352,5.666666666666667,3696.0,9000.0,https://sazo-qa-ai-resources.s3.ap-northeast-2.amazonaws.com/img/9b9308dc-a121-4e0e-8461-b669c942677c.jpg
83d13065-068a-4823-8254-3ff4b005f0a2,[PG5 저중심] 6각 수제 우드샤프 나무샤프 이니셜 각인서비스,생활/건강>문구/사무용품>필기도구>샤프,1.4336742640569022,-0.2307692307692307,1386.792,3375.0,https://sazo-qa-ai-resources.s3.ap-northeast-2.amazonaws.com/img/83d13065-068a-4823-8254-3ff4b005f0a2.jpg
ea999f69-35d3-442f-8fbb-64a21a302fae,[당일발송] 토앤토 TAW&TOE 탠 헬로키티 참 태그 TAG,신발 > 여성화 > 샌들/슬리퍼 > ,1.4270106873415622,3.705882352941176,1648.1179999999997,4000.0,https://sazo-qa-ai-resources.s3.ap-northeast-2.amazonaws.com/img/ea999f69-35d3-442f-8fbb-64a21a302fae.jpg
58e7c688-9429-4e56-99c2-a5958c3988c9,피크 2문 높은수납장 1146,가구/인테리어>수납가구>수납장,1.3930232558139537,0.2168739859383451,82560.0,197568.0,https://sazo-qa-ai-resources.s3.ap-northeast-2.amazonaws.com/img/58e7c688-9429-4e56-99c2-a5958c3988c9.jpg
84f46094-6068-43f5-8289-e24c0b276efb,[오늘 하루 한정 할인] 로프트맨션 룸 디바이더,,1.3860537592520452,-0.6210070384407147,41072.0,98000.0,https://sazo-qa-ai-resources.s3.ap-northeast-2.amazonaws.com/img/84f46094-6068-43f5-8289-e24c0b276efb.jpg
914aa645-b01d-40d5-9438-fc5e08e64ac1,[ 공상 아파트먼트 ] 선물 인형 소프비,가구/인테리어>인테리어소품>장식인형,1.3148148148148149,1.8571428571428572,1944.0,4500.0,https://sazo-qa-ai-resources.s3.ap-northeast-2.amazonaws.com/img/914aa645-b01d-40d5-9438-fc5e08e64ac1.jpg
0d34fe94-edc9-40ca-bf3b-e206394486c9,머펫큐브릭 풀세트,키덜트 > 피규어/인형 > ,1.2810344827586206,2.947368421052632,4060.000000000001,9261.0,https://sazo-qa-ai-resources.s3.ap-northeast-2.amazonaws.com/img/0d34fe94-edc9-40ca-bf3b-e206394486c9.jpg
e504927d-b108-4905-b8e2-9267f10ac5fe,폴라리스 p1 tpu 컴팩트 텐트 원터치 쉘터 팝업 그늘막,스포츠/레저>캠핑>텐트>3-4인용,1.2367455352462169,2.105590062111801,14306.5,32000.0,https://shop-phinf.pstatic.net/20240906_21/17255765226014vC6K_PNG/59709373734152915_901354786.png?type=m510|https://shop-phinf.pstatic.net/20240614_97/1718319500176Lep2i_PNG/29252730938491086_1072802095.png?type=m510|https://shop-phinf.pstatic.net/20240906_73/1725576534407SXbPL_PNG/59709405535174920_1646841223.png?type=m510|https://shop-phinf.pstatic.net/20240906_234/1725576534546lpliJ_PNG/59709405677982189_1858970433.png?type=m510|https://shop-phinf.pstatic.net/20240906_137/1725576534674Tkc0h_PNG/59709405807123709_1373959638.png?type=m510|https://shop-phinf.pstatic.net/20240906_138/1725576534765plrmQ_PNG/59709405896775359_2121835896.png?type=m510|https://shop-phinf.pstatic.net/20240906_73/1725576534884C96L4_PNG/59709406005044343_592019852.png?type=m510
eca1c59b-ce5f-4dbb-ab8b-e29dc94b225b,마샬 스피커 스탠드 스탠모어 3 2 1 고급 원형 거치대 받침대,디지털/가전>음향가전>스피커>스피커액세서리,1.2257551669316376,-0.5348837209302326,28305.0,63000.0,https://sazo-qa-ai-resources.s3.ap-northeast-2.amazonaws.com/img/eca1c59b-ce5f-4dbb-ab8b-e29dc94b225b.jpg
52f64b44-f4ad-4dee-aeee-028d787cc596,캐치 티니핑 시즌 4 새콤달콤 서프라이즈 박스  4종,키덜트 > 피규어/인형 > ,1.205,3.102564102564102,4200.0,9261.0,https://sazo-qa-ai-resources.s3.ap-northeast-2.amazonaws.com/img/52f64b44-f4ad-4dee-aeee-028d787cc596.jpg
d2210dd9-d380-450c-9568-25b554198825,헬리녹스 택티컬체어 미니 /블랙,스포츠/레저>캠핑>캠핑가구>캠핑의자,1.1869077124945324,1.0,6049.638000000001,13230.0,https://sazo-qa-ai-resources.s3.ap-northeast-2.amazonaws.com/img/d2210dd9-d380-450c-9568-25b554198825.jpg
d6d32c48-7329-4ecd-ba05-83d3e80d44a4,반다이 파워레인저 킹덤포스 가디언웨폰시리즈 롤링해머 (80325) 18750,장난감>로봇>캐릭터로봇,1.1846844878662626,5.4,2059.794,4500.0,https://sazo-qa-ai-resources.s3.ap-northeast-2.amazonaws.com/img/d6d32c48-7329-4ecd-ba05-83d3e80d44a4.jpg
51d0ac19-c752-4400-95ad-20ca681a7e72,AIR PRO,HOME > NEON OPTICS > ,1.1634615384615383,1.3188405797101452,4160.0,9000.0,https://sazo-qa-ai-resources.s3.ap-northeast-2.amazonaws.com/img/51d0ac19-c752-4400-95ad-20ca681a7e72.jpg
58790101-7478-46d8-a01e-1962db7b26df,스플래툰 오비츠 구현 문어 초밥머리 닌텐도 스위치,디지털 > 게임/타이틀 > 닌텐도/NDS/Wii > ,1.1428571428571428,2.529411764705882,1050.0,2250.0,https://sazo-qa-ai-resources.s3.ap-northeast-2.amazonaws.com/img/58790101-7478-46d8-a01e-1962db7b26df.jpg
566b8d66-778d-44de-a825-8c66938189e5,전독시 팝업 중독 디오라마 미개봉,스타굿즈 > 방송/예능/캐릭터 > 포스터/화보 > ,1.1408578905449995,1.962962962962963,2197.25,4704.0,https://media.bunjang.co.kr/product/307625051_{cnt}_1734880308_w{res}.jpg
24329fbb-7505-4f52-a2f8-29dc35e00a3e,[ 공상 아파트먼트 ] 선물 인형,가구/인테리어>인테리어소품>장식인형,1.109375,1.7586206896551726,3200.0,6750.0,https://shop-phinf.pstatic.net/20250109_19/1736410873142eN9K4_JPEG/61799237836241582_774059773.jpg?type=m510|https://shop-phinf.pstatic.net/20250109_280/1736410878693MIi9M_JPEG/12898186812571275_739262570.jpg?type=m510|https://shop-phinf.pstatic.net/20250109_140/1736410878873t9pSE_JPEG/12898187004348925_359798861.jpg?type=m510
24329fbb-7505-4f52-a2f8-29dc35e00a3e,[ 공상 아파트먼트 ] 선물 인형,가구/인테리어>인테리어소품>장식인형,1.109375,1.7586206896551726,3200.0,6750.0,https://shop-phinf.pstatic.net/20250109_19/1736410873142eN9K4_JPEG/61799237836241582_774059773.jpg?type=m510|https://shop-phinf.pstatic.net/20250109_280/1736410878693MIi9M_JPEG/12898186812571275_739262570.jpg?type=m510|https://shop-phinf.pstatic.net/20250109_140/1736410878873t9pSE_JPEG/12898187004348925_359798861.jpg?type=m510
81a9e256-580b-47ad-a7c7-f2c1475e6191,잇츠윈 롤리팝 퀵 손잡이 사각타입,홈 > 잇츠윈 > ,1.0833164616418722,3.102564102564102,4445.316,9261.0,https://sazo-qa-ai-resources.s3.ap-northeast-2.amazonaws.com/img/81a9e256-580b-47ad-a7c7-f2c1475e6191.png
fe49bad3-d1fd-4c21-998a-b199c8ba9668,반다이 파워레인저 킹덤포스 가디언웨폰시리즈 롤링해머 (80325) 18750,장난감>로봇>캐릭터로봇,1.075218843356025,5.153846153846154,2168.4460000000004,4500.0,https://sazo-qa-ai-resources.s3.ap-northeast-2.amazonaws.com/img/fe49bad3-d1fd-4c21-998a-b199c8ba9668.jpg
4c700b0d-8830-4f9c-9265-e4574f038430,상품 상세 정보,ourcabinet > ,1.0704558624686116,0.8292682926829269,4472.927999999999,9261.0,https://cafe24.poxo.com/ec01/sj9791/HOvhRhvOk+Cp2KY4JuusApqEsZCbImy9fZqTLiEf14KRtfZLlegjeTUzjeJOKMi8AcxWnLoXcqy8oWlgu6z7Zg==/_/web/product/big/202411/096fb9009132480791ffa4c6b9ce739a.jpg
eea778cd-7e66-4cf5-84ea-a74650f15335,바자르 몽실몽실 먼지없는 고정밴딩 사계절 침대패드 SS,가구/인테리어>침구단품>패드>싱글/슈퍼싱글패드,1.0658979277778953,-0.0881458966565349,23718.499999999996,49000.0,https://sazo-qa-ai-resources.s3.ap-northeast-2.amazonaws.com/img/eea778cd-7e66-4cf5-84ea-a74650f15335.jpg
c7fb986d-c974-4fce-bb59-7684a2bfb59e,"Flower garden, landscape rug",,1.0646067415730338,-0.5697074010327022,71200.0,147000.0,https://sazo-qa-ai-resources.s3.ap-northeast-2.amazonaws.com/img/c7fb986d-c974-4fce-bb59-7684a2bfb59e.png
96a2ca34-6699-4c4f-8c11-c10f4af45197,마샬 스피커 스탠드 워번 3 2 1 고급 원형 거치대 받침대,디지털/가전>음향가전>스피커>스피커액세서리,1.053120417141926,-0.5509942270686338,30685.0,63000.0,https://sazo-qa-ai-resources.s3.ap-northeast-2.amazonaws.com/img/96a2ca34-6699-4c4f-8c11-c10f4af45197.jpg
914aa645-b01d-40d5-9438-fc5e08e64ac1,[ 공상 아파트먼트 ] 선물 인형 소프비,가구/인테리어>인테리어소품>장식인형,1.0525451559934322,2.0,2192.3999999999996,4500.0,https://sazo-qa-ai-resources.s3.ap-northeast-2.amazonaws.com/img/914aa645-b01d-40d5-9438-fc5e08e64ac1.jpg
2ffa35f2-4950-4df4-9b4d-2a58767d2aa5,아가 예레미야애가,,1.0525265957446808,-0.4074074074074074,4512.0,9261.0,https://sazo-qa-ai-resources.s3.ap-northeast-2.amazonaws.com/img/2ffa35f2-4950-4df4-9b4d-2a58767d2aa5.jpg
ae81ef8d-637d-4b71-a172-7f5c3a375b41,오브바이포 캣타워 베이직 캣폴 [A세트] 스텝 3개,생활/건강>반려동물>캣타워/스크래쳐>캣타워/캣폴,1.0393905611296916,-0.5363931386184515,48438.0,98784.0,https://sazo-qa-ai-resources.s3.ap-northeast-2.amazonaws.com/img/ae81ef8d-637d-4b71-a172-7f5c3a375b41.jpg
ec3630a1-b8ca-4956-82b2-025d985a5189,행텐 남녀공용 남성 따뜻한 털안감 겨울 여성 털신 어그LOW 방한화 퍼부츠 털부츠,신발 > 남성워커/부츠 > 부츠/방한화,1.0302278366794495,0.6216216216216215,8866.0,18000.0,https://gdimg.gmarket.co.kr/2634583983/still/600?ver=1733459931|https://gdimg1.gmarket.co.kr/goods_image2/exlarge_moreimg/263/458/2634583983/2634583983_00.jpg?ver=1733459931|https://gdimg1.gmarket.co.kr/goods_image2/exlarge_moreimg/263/458/2634583983/2634583983_01.jpg?ver=1733459931|https://gdimg1.gmarket.co.kr/goods_image2/exlarge_moreimg/263/458/2634583983/2634583983_02.jpg?ver=1733459931|https://gdimg1.gmarket.co.kr/goods_image2/exlarge_moreimg/263/458/2634583983/2634583983_03.jpg?ver=1733459931|https://gdimg1.gmarket.co.kr/goods_image2/exlarge_moreimg/263/458/2634583983/2634583983_04.jpg?ver=1733459931|https://gdimg1.gmarket.co.kr/goods_image2/exlarge_moreimg/263/458/2634583983/2634583983_05.jpg?ver=1733459931|https://gdimg1.gmarket.co.kr/goods_image2/exlarge_moreimg/263/458/2634583983/2634583983_06.jpg?ver=1733459931|https://gdimg1.gmarket.co.kr/goods_image2/exlarge_moreimg/263/458/2634583983/2634583983_07.jpg?ver=1733459931|https://gdimg1.gmarket.co.kr/goods_image2/exlarge_moreimg/263/458/2634583983/2634583983_08.jpg?ver=1733459931
8a53f2b0-2572-4b94-b7eb-c682937e194a,뉴A9 가죽 다이어리 3공 현금 바인더 기인돼지,생활/건강>문구/사무용품>다이어리/플래너>바인더,1.0292207792207793,3.2105263157894743,1232.0,2500.0,https://sazo-qa-ai-resources.s3.ap-northeast-2.amazonaws.com/img/8a53f2b0-2572-4b94-b7eb-c682937e194a.jpg
90576eeb-bc1d-4681-89ce-866a667b2079,no. 013,,0.9864864864864864,1.857142857142857,1110.0,2205.0,https://sazo-qa-ai-resources.s3.ap-northeast-2.amazonaws.com/img/90576eeb-bc1d-4681-89ce-866a667b2079.png
bc8327c2-0ddb-4ce7-9863-b86773c2ec96,EC7025HH12BP (70mm/25T/2Ball/PWM),Home > 2 BALL FAN > ,0.9805902158843336,-0.0909090909090909,3155.625,6250.0,https://sazo-qa-ai-resources.s3.ap-northeast-2.amazonaws.com/img/bc8327c2-0ddb-4ce7-9863-b86773c2ec96.jpg
5b9b6209-f072-4b1c-ac38-f175d91a4d23,전지적 독자 시점 전독시 팝업 카페유중혁 김독자 아크릴 디오라마 미개봉,키덜트 > 피규어/인형 > ,0.9762845849802372,2.555555555555556,3036.0,6000.0,https://media.bunjang.co.kr/product/307100586_{cnt}_1734670464_w{res}.jpg
ff4fdf0c-3439-4f95-a964-0b95ca07e5da,마샬 스피커 스탠드 스탠모어 3 2 1 고급 원형 거치대 받침대,디지털/가전>음향가전>스피커>스피커액세서리,0.962005605730302,-0.4426751592356688,32110.0,63000.0,https://sazo-qa-ai-resources.s3.ap-northeast-2.amazonaws.com/img/ff4fdf0c-3439-4f95-a964-0b95ca07e5da.jpg
e433d80e-2976-4f8e-9169-358db95be464,NEWJEANS(뉴진스) - SUPERNATURAL [NJ X MURAKAMI DRAWSTRING BAG VER],생활/건강>음반>국내앨범,0.9591836734693876,-0.0909090909090909,3062.5,6000.0,https://shop-phinf.pstatic.net/20240513_187/1715567579072kciu0_JPEG/1794417462194095_1278958511.jpg?type=m510
05dce9e8-fdde-4dfa-9da4-0900eac3f733,한정수량 루미너스 아쿠아 원액 2L+디테일링 투명 전동 분무기 2.2L,생활/건강>자동차용품>세차용품>도장용광택/코팅제,0.953125,26.777777777777786,1536.0,3000.0,https://shop-phinf.pstatic.net/20240718_241/1721262498779wdeJ8_JPEG/1969689646693119_997531536.jpg?type=m510|https://shop-phinf.pstatic.net/20231227_182/1703662391995Rf2hC_JPEG/30965075871470870_1100377703.jpg?type=m510|https://shop-phinf.pstatic.net/20231227_162/1703662394268i4FIj_JPEG/30965078145284721_572401844.jpg?type=m510
950d2eb6-bd01-4042-9519-aa865be8c67f,마샬 스피커 스탠드 스탠모어 3 2 1 고급 원형 거치대 받침대,디지털/가전>음향가전>스피커>스피커액세서리,0.9468780419969406,-0.4161801501251043,32359.5,63000.0,https://sazo-qa-ai-resources.s3.ap-northeast-2.amazonaws.com/img/950d2eb6-bd01-4042-9519-aa865be8c67f.jpg
ae153f43-a993-4df3-ad08-db825cf5003b,로나 타원형 거실리프트업 테이블 1200,가구/DIY>식탁/테이블>거실테이블,0.9372503099600497,0.8181818181818182,203252.0,393750.0,https://sazo-qa-ai-resources.s3.ap-northeast-2.amazonaws.com/img/ae153f43-a993-4df3-ad08-db825cf5003b.jpg
dee61bbe-8c67-4353-8ff6-c3f280eed3bc,무속성 20cm 솜인형 Lunx,키덜트 > 피규어/인형 > ,0.9138755980861244,-0.0163934426229508,4180.0,8000.0,https://media.bunjang.co.kr/product/307822143_{cnt}_1735000141_w{res}.jpg
0bd9d4f5-6e61-455a-87e1-57ed66adfd84,위드아웃썸머 체크 머플러,패션 액세서리 > 목도리/장갑 > 목도리 > ,0.9054878048780488,-0.3877551020408163,5904.0,11250.0,https://media.bunjang.co.kr/product/309779860_1_1735992302_w{res}.jpg|https://media.bunjang.co.kr/product/309779860_2_1735992302_w{res}.jpg
3e9a152d-54b9-45c8-8c31-42474fa1ae53,펜디 피카부 토트백,가방/지갑 > 여성가방 > 토트백 > ,0.8864534674811352,2.508771929824562,3116.9600000000005,5880.0,https://sazo-qa-ai-resources.s3.ap-northeast-2.amazonaws.com/img/3e9a152d-54b9-45c8-8c31-42474fa1ae53.jpg
64b3163d-1606-4253-8564-0ae2c1aa3eb9,[BIG] 애시드로우 유리블럭 대형액자 Glass Block Wave Type [420x1189mm.Size],가구/인테리어>인테리어소품>액자>퍼즐/그림/사진액자,0.8811573747353564,-0.3755575379125781,31882.5,59976.0,https://sazo-qa-ai-resources.s3.ap-northeast-2.amazonaws.com/img/64b3163d-1606-4253-8564-0ae2c1aa3eb9.jpg
9f0758a7-24ab-4196-8b77-e1f08f91d4c8,코어바디 토닝볼 웨이트볼 헬스 스트레칭볼 홈트 소프트 2종,스포츠/레저>헬스>헬스소품>기타헬스소품,0.865950141812211,0.25,4287.36,8000.0,https://sazo-qa-ai-resources.s3.ap-northeast-2.amazonaws.com/img/9f0758a7-24ab-4196-8b77-e1f08f91d4c8.jpg
7f52f4f4-3908-4f5e-9628-41a37c933589,대용량 업소용 종합캔디 4kg 사탕 식당캔디,식품>과자/베이커리>사탕,0.8583042973286876,-0.1631799163179916,19372.5,36000.0,https://sazo-qa-ai-resources.s3.ap-northeast-2.amazonaws.com/img/7f52f4f4-3908-4f5e-9628-41a37c933589.jpg
480ab34f-032a-4e6d-ac35-09dc59652a6b,무속성 솜인형 옷장 우블 베어 양도합니다!,키덜트 > 피규어/인형 > ,0.8518518518518519,0.6326530612244899,3240.0,6000.0,https://media.bunjang.co.kr/product/293470585_{cnt}_1728542447_w{res}.jpg
0dc4ae7d-23e8-45ff-bfa9-a2476c92e9d4,[두리펀]DIY 모듈가구 유리선반 3단 60X40,침실가구>협탁>협탁,0.8498543846402761,0.2722646310432571,40050.72,74088.0,https://sazo-qa-ai-resources.s3.ap-northeast-2.amazonaws.com/img/0dc4ae7d-23e8-45ff-bfa9-a2476c92e9d4.jpg
2cd5f528-f8f7-41d2-b34a-5e65661d1ed7,위츄 엔시티 위시 인형 가이드,스타굿즈 > 보이그룹 > 인형/피규어 > ,0.8414096195238523,1.1621621621621625,2443.78,4500.0,https://sazo-qa-ai-resources.s3.ap-northeast-2.amazonaws.com/img/2cd5f528-f8f7-41d2-b34a-5e65661d1ed7.jpg
61eef70f-0be4-440c-bb04-21e9c5242bf2,"스너글 블루스파클 플러스 섬유유연제 본품, 1.8L, 1개",액체 섬유유연제,0.8239055654654426,2.054755043227665,6579.288,12000.0,https://sazo-qa-ai-resources.s3.ap-northeast-2.amazonaws.com/img/61eef70f-0be4-440c-bb04-21e9c5242bf2.jpg
2dea5d9e-92bf-4897-998f-a8bddfc3aef9,레파즈 슈퍼 드림 랙 소형 중단 슈퍼드림 터브 포함,생활/건강>반려동물>기타반려동물용품,0.8210054328682309,2.1049723756906076,23165.664,42184.8,https://sazo-qa-ai-resources.s3.ap-northeast-2.amazonaws.com/img/2dea5d9e-92bf-4897-998f-a8bddfc3aef9.jpg
2038d9fd-b1db-4f53-9c14-49fc7feac0da,두리 4way 아기 비데 받침대,출산/육아>목욕용품>유아목욕의자,0.8148148148148148,2.896103896103896,4536.0,8232.0,https://shop-phinf.pstatic.net/20230918_27/1695032494853g1cBx_JPEG/716968753424446_1126211769.jpg?type=m510|https://shop-phinf.pstatic.net/20230911_61/1694414863253V0W2R_JPEG/10701336069156480_606136744.jpg?type=m510|https://shop-phinf.pstatic.net/20230911_234/1694414863426J8gNV_JPEG/10701336230469680_1447184713.jpg?type=m510|https://shop-phinf.pstatic.net/20230911_237/1694414863712zbwpP_JPEG/10701336519683576_1313706590.jpg?type=m510|https://shop-phinf.pstatic.net/20230911_156/1694414863978YUlxH_JPEG/10701336778558671_1637607123.jpg?type=m510|https://shop-phinf.pstatic.net/20230911_178/16944148642218NeaP_JPEG/10701337016649593_868727159.jpg?type=m510|https://shop-phinf.pstatic.net/20230911_64/1694414863087b0MjC_JPEG/10701335905975128_2248604.jpg?type=m510
af140d83-cd8d-4c9a-945c-3937687096f0,인템포무드 킥오프 레터링  머플러  새제품,패션 액세서리 > 목도리/장갑 > 목도리 > ,0.8099075788793922,-0.1304347826086956,6215.786999999999,11250.0,https://sazo-qa-ai-resources.s3.ap-northeast-2.amazonaws.com/img/af140d83-cd8d-4c9a-945c-3937687096f0.jpg
6c48b29d-166f-43ce-8bd2-c17c0bc18fe8,[04-1M] 티타늄그립 음핑고샤프,생활/건강>문구/사무용품>필기도구>샤프,0.7660910518053375,-0.6491228070175438,1911.0,3375.0,https://sazo-qa-ai-resources.s3.ap-northeast-2.amazonaws.com/img/6c48b29d-166f-43ce-8bd2-c17c0bc18fe8.jpg
6c48b29d-166f-43ce-8bd2-c17c0bc18fe8,[04-1M] 티타늄그립 음핑고샤프,생활/건강>문구/사무용품>필기도구>샤프,0.7660910518053375,-0.6153846153846154,1911.0,3375.0,https://sazo-qa-ai-resources.s3.ap-northeast-2.amazonaws.com/img/6c48b29d-166f-43ce-8bd2-c17c0bc18fe8.jpg
ecfcfca0-d759-4bff-aa68-bf8acd703c13,[04-1] pg5 티타늄그립 함침샤프 우드샤프,생활/건강>문구/사무용품>필기도구>샤프,0.7660910518053375,-0.4285714285714285,1911.0,3375.0,https://sazo-qa-ai-resources.s3.ap-northeast-2.amazonaws.com/img/ecfcfca0-d759-4bff-aa68-bf8acd703c13.jpg
bda2edc5-ad0f-4315-b355-dabc6bf2d321,프리파라 프리채널 프로모 판매ㅣ웰컴 스트로베리 세트ㅣ메이드ㅣ논ㅣ페퍼ㅣ민트,예술/희귀/수집품 > 희귀/수집품 > ,0.7625027539105528,4.0,3404.2500000000005,6000.0,https://sazo-qa-ai-resources.s3.ap-northeast-2.amazonaws.com/img/bda2edc5-ad0f-4315-b355-dabc6bf2d321.jpg
2db7df95-c1bc-4f6f-b696-85161db7d3d3,스톰 롤링썬더 3볼롤러백+악세서리백 / 볼링가방,구기/라켓 > 볼링용품 > 볼링가방,0.7547325102880659,-0.0250696378830083,102060.0,179088.0,https://sazo-qa-ai-resources.s3.ap-northeast-2.amazonaws.com/img/2db7df95-c1bc-4f6f-b696-85161db7d3d3.jpg
30e323f2-4d5e-49a3-b8a5-2a0f8d056a99,블루 남성 컬러블록 라운드 풀오버 니트,전체 > 여성골프화 > 남성골프화 > ,0.7489878542510121,0.5625,6175.0,10800.0,https://nimg.lfmall.co.kr//file/product/prd/HU/2024/640/HUSW4C611B1_00.jpg
f99e6b15-2425-41e9-96b1-425b10350212,[04-1M] 티타늄그립 음핑고샤프,생활/건강>문구/사무용품>필기도구>샤프,0.743861607142857,-0.6078431372549019,1935.36,3375.0,https://sazo-qa-ai-resources.s3.ap-northeast-2.amazonaws.com/img/f99e6b15-2425-41e9-96b1-425b10350212.jpg
0761ddf9-3251-4036-a27c-b73a3b537e3a,무드 리플렉터,Shop > Object > ,0.7422222222222222,2.555555555555556,1012.5,1764.0,https://sazo-qa-ai-resources.s3.ap-northeast-2.amazonaws.com/img/0761ddf9-3251-4036-a27c-b73a3b537e3a.png
206737b3-dac7-493c-8381-f99f3d1036e0,헬리녹스 체어제로 기본 캠핑 초경량 백패킹 체어,스포츠/레저>캠핑>캠핑가구>캠핑의자,0.7237335834896811,0.1764705882352941,10660.0,18375.0,https://sazo-qa-ai-resources.s3.ap-northeast-2.amazonaws.com/img/206737b3-dac7-493c-8381-f99f3d1036e0.jpg
11a5924e-3f72-45e4-ae36-4709e4102329,헬리녹스 체어제로 기본 캠핑 초경량 백패킹 체어,스포츠/레저>캠핑>캠핑가구>캠핑의자,0.7237335834896811,0.1904761904761905,10660.0,18375.0,https://sazo-qa-ai-resources.s3.ap-northeast-2.amazonaws.com/img/11a5924e-3f72-45e4-ae36-4709e4102329.jpg
743e7be5-8f32-490d-bb71-95eaed0da251,NCT WISH DOLL 엔시티 위시 리쿠 인형 쿠리 미개봉 새제품 현물,스타굿즈 > 보이그룹 > 인형/피규어 > ,0.7139723022075967,1.962962962962963,2625.4799999999996,4500.0,https://sazo-qa-ai-resources.s3.ap-northeast-2.amazonaws.com/img/743e7be5-8f32-490d-bb71-95eaed0da251.jpg
76ede72b-3cd3-4223-9f65-39811676bce3,엔시티위시 리쿠 쿠리 인형,스타굿즈 > 보이그룹 > 인형/피규어 > ,0.7026261305437506,1.7272727272727273,1761.9840000000002,3000.0,https://sazo-qa-ai-resources.s3.ap-northeast-2.amazonaws.com/img/76ede72b-3cd3-4223-9f65-39811676bce3.jpg
1f57a83c-a96d-42a0-9a07-6bee34616ccb,미니 보냉백 아기 간식 보냉 이유식 가방 쉐고미,출산/육아>외출용품>기저귀가방,0.691856530566208,3.2105263157894743,2216.5,3750.0,https://shop-phinf.pstatic.net/20220825_13/1661418727907qgwh6_JPEG/62554570621385974_486739394.jpg?type=m510|https://shop-phinf.pstatic.net/20220408_21/1649402033268WoFNz_JPEG/50537875955979121_900933546.jpg?type=m510|https://shop-phinf.pstatic.net/20240607_281/1717721340203kmvEt_JPEG/118857182911089227_1480175216.jpg?type=m510|https://shop-phinf.pstatic.net/20220408_110/1649402034012yPKa4_JPEG/50537876707372708_1274544269.jpg?type=m510|https://shop-phinf.pstatic.net/20220408_235/1649402033784ROoKJ_JPEG/50537876478105256_679870257.jpg?type=m510|https://shop-phinf.pstatic.net/20220825_19/1661418717491krifP_JPEG/62554560205921198_1693099187.jpg?type=m510|https://shop-phinf.pstatic.net/20220929_287/1664433448520lheD2_JPEG/65569291224715169_435144130.jpg?type=m510
080f223b-082c-44c4-a530-a45954f5b9e5,[교환/판매]원신카페 3만원 특전 다이루크,디지털 > 게임/타이틀 > PC게임 > ,0.6901027582477015,1.6666666666666667,1775.04,3000.0,https://sazo-qa-ai-resources.s3.ap-northeast-2.amazonaws.com/img/080f223b-082c-44c4-a530-a45954f5b9e5.jpg
9cc91020-7701-4dc3-9fc4-b3265e19818f,보넥도 노장르 뮤뱅 인가 공방 세트 양도 합니다,스타굿즈 > 보이그룹 > 음반/영상물 > ,0.68,12.333333333333334,1050.0,1764.0,https://sazo-qa-ai-resources.s3.ap-northeast-2.amazonaws.com/img/9cc91020-7701-4dc3-9fc4-b3265e19818f.jpg
ee2f8a75-4c6f-4e3f-be4f-598bfb2649b4,이니스프리 민규 증사 셋트,스타굿즈 > 보이그룹 > 포스터/화보 > ,0.68,2.529411764705882,700.0,1176.0,https://sazo-qa-ai-resources.s3.ap-northeast-2.amazonaws.com/img/ee2f8a75-4c6f-4e3f-be4f-598bfb2649b4.jpg
1e084326-6d26-4f21-acf5-048dde26d3ef,helinox 헬리녹스 테이블 탑 39x39 필드 오피스 M 블랙 오중상,스포츠/레저>캠핑>캠핑가구>캠핑테이블,0.6744186046511628,1.3923444976076558,8707.5,14580.0,https://sazo-qa-ai-resources.s3.ap-northeast-2.amazonaws.com/img/1e084326-6d26-4f21-acf5-048dde26d3ef.jpg
b88e2792-b7b2-4a3a-9038-60efaf52f020,[265]아디다스 엑스 스피드포탈3 풋살화 축구화,신발 > 스포츠화 > 축구/풋살화 > ,0.6501145912910619,0.1111111111111112,6545.0,10800.0,https://sazo-qa-ai-resources.s3.ap-northeast-2.amazonaws.com/img/b88e2792-b7b2-4a3a-9038-60efaf52f020.jpg
51bb53b2-73ba-4dd0-b32c-1cad301a7f09,강아지 에코슬링백 이동가방 포대기,생활/건강>반려동물>외출용품>이동장/이동가방,0.6470588235294118,1.247191011235955,3570.0,5880.0,https://sazo-qa-ai-resources.s3.ap-northeast-2.amazonaws.com/img/51bb53b2-73ba-4dd0-b32c-1cad301a7f09.jpg
6b477281-f11c-472e-96f3-ad2f0969dd0e,플레이브 애니메이트 카페 세트,스타굿즈 > 보이그룹 > 팬시/포토카드 > ,0.6439949449951352,4.161290322580645,1877.743,3087.0,https://sazo-qa-ai-resources.s3.ap-northeast-2.amazonaws.com/img/6b477281-f11c-472e-96f3-ad2f0969dd0e.jpg
836d7280-d8cd-463c-b6fc-488f5dfee0fd,라이즈 토냥덕 냥덕이 양도 합니다,스타굿즈 > 보이그룹 > 인형/피규어 > ,0.638986013986014,2.0,2288.0,3750.0,https://sazo-qa-ai-resources.s3.ap-northeast-2.amazonaws.com/img/836d7280-d8cd-463c-b6fc-488f5dfee0fd.jpg
26b5339d-032c-421f-aed6-3085ec22a7ec,동물합체 애니멀포스 파워레인저 반다이 큐브 실버 베어 한정판 로봇 장난감,유아동/출산 > 교구/완구/인형 > 캐릭터완구/로봇 > ,0.6326337114916128,3.7619047619047623,2067.212,3375.0,https://sazo-qa-ai-resources.s3.ap-northeast-2.amazonaws.com/img/26b5339d-032c-421f-aed6-3085ec22a7ec.jpg
34588e17-fcfb-471b-82ed-f70ef0c9b76d,Angel number 325 키링 통판,,0.6304347826086957,2.076923076923077,1840.0,3000.0,https://sazo-qa-ai-resources.s3.ap-northeast-2.amazonaws.com/img/34588e17-fcfb-471b-82ed-f70ef0c9b76d.jpg
e3c51b57-5877-4238-a59c-a36e6ef96855,콤마나인 랜즈 화로테이블 캠핑 난로테이블,스포츠/레저>캠핑>캠핑가구>캠핑테이블,0.6289592760180995,0.1098779134295227,44200.0,72000.0,https://shop-phinf.pstatic.net/20240130_152/1706588885757nUbj7_JPEG/107724774421206998_11429638.jpg?type=m510|https://shop-phinf.pstatic.net/20241120_245/1732061487584c99Xm_JPEG/66194427583031796_716135996.jpg?type=m510|https://shop-phinf.pstatic.net/20241120_232/1732061621263DTknA_JPEG/66194482383061337_472170201.jpg?type=m510|https://shop-phinf.pstatic.net/20241120_115/1732061460257yfcRH_JPEG/488922374531611_1711455318.jpg?type=m510
af8d7656-1dde-45ed-b748-454a138427d8,베이블레이드X)한정판 골드 위저드로드 골드 블레이드,유아동/출산 > 교구/완구/인형 > 스포츠완구 > ,0.6217548685081153,1.7272727272727273,1233.232,2000.0,https://sazo-qa-ai-resources.s3.ap-northeast-2.amazonaws.com/img/af8d7656-1dde-45ed-b748-454a138427d8.jpg
ee907239-4cd5-4be5-8afd-393cd61c09ed,[04-1M] 티타늄그립 음핑고샤프,생활/건강>문구/사무용품>필기도구>샤프,0.6211994281849484,-0.7530864197530865,2081.792,3375.0,https://sazo-qa-ai-resources.s3.ap-northeast-2.amazonaws.com/img/ee907239-4cd5-4be5-8afd-393cd61c09ed.jpg
10759173-cd50-4736-9c49-7594fdb311f6,[04-1M] 티타늄그립 음핑고샤프,생활/건강>문구/사무용품>필기도구>샤프,0.6147042866451754,-0.5918367346938775,2090.166,3375.0,https://sazo-qa-ai-resources.s3.ap-northeast-2.amazonaws.com/img/10759173-cd50-4736-9c49-7594fdb311f6.jpg
182b15e1-1ead-4731-a5b8-0f47267e85b4,근대사 70년대 국군 공수윙,예술/희귀/수집품 > 골동품 > ,0.5962099590731763,1.7272727272727273,1879.4520000000005,3000.0,https://sazo-qa-ai-resources.s3.ap-northeast-2.amazonaws.com/img/182b15e1-1ead-4731-a5b8-0f47267e85b4.jpg
d47baeb6-66f4-478f-b47d-3a7a850ebce3,토미카 86 도요타GR86,장난감/완구 > 로봇/캐릭터완구 > 로봇완구,0.5957446808510638,0.5873015873015873,2820.0,4500.0,https://gdimg.gmarket.co.kr/4139410402/still/600?ver=1727752770|https://gdimg1.gmarket.co.kr/goods_image2/exlarge_moreimg/413/941/4139410402/4139410402_00.jpg?ver=1727752770|https://gdimg1.gmarket.co.kr/goods_image2/exlarge_moreimg/413/941/4139410402/4139410402_01.jpg?ver=1727752770
d67368c9-3b56-4bb9-8289-27a337c26ff1,[04-1M] 티타늄그립 음핑고샤프,생활/건강>문구/사무용품>필기도구>샤프,0.594387755102041,-0.6153846153846154,2116.7999999999997,3375.0,https://sazo-qa-ai-resources.s3.ap-northeast-2.amazonaws.com/img/d67368c9-3b56-4bb9-8289-27a337c26ff1.jpg
940d2ea0-39a7-4109-adfc-f1b4cc687466,[INI+] 아이엔아이플러스 세차 버킷 돌리 본품 화이트(바퀴미포함),생활/건강>자동차용품>세차용품>세차물통,0.5834699809279837,0.3698630136986301,17051.16,27000.0,https://sazo-qa-ai-resources.s3.ap-northeast-2.amazonaws.com/img/940d2ea0-39a7-4109-adfc-f1b4cc687466.png
1e480215-ae7e-4c40-abc3-f563f04c0e0e,휠라 에샤페 초코 230 스니커즈 운동화,신발 > 스니커즈 > ,0.5815199395068622,-0.0419161676646705,9105.165,14400.0,https://sazo-qa-ai-resources.s3.ap-northeast-2.amazonaws.com/img/1e480215-ae7e-4c40-abc3-f563f04c0e0e.jpg
7ea68db8-10be-4d41-bc44-865133e09fce,다이노코어 얼티밋 킹다이노,유아동/출산 > 교구/완구/인형 > 캐릭터완구/로봇 > ,0.5756302521008403,-0.15014164305949,17136.0,27000.0,https://sazo-qa-ai-resources.s3.ap-northeast-2.amazonaws.com/img/7ea68db8-10be-4d41-bc44-865133e09fce.jpg
b39943ea-07d2-4c4d-8120-eff3dadc36f6,엔시티드림 제노 인형 므엉이 양도 인형+포카,스타굿즈 > 보이그룹 > 인형/피규어 > ,0.5625,0.8749999999999999,1920.0,3000.0,https://media.bunjang.co.kr/product/300214484_{cnt}_1731570253_w{res}.jpg
9b54972c-ba36-4b33-aa7a-99f83868cf40,메디신볼 메디슨 월볼 웨이트볼 일반형 1KG ZW1KG,스포츠/레저>헬스>헬스소품>기타헬스소품,0.537288469106651,-0.2248062015503876,10164.0,15625.0,https://sazo-qa-ai-resources.s3.ap-northeast-2.amazonaws.com/img/9b54972c-ba36-4b33-aa7a-99f83868cf40.jpg
99f76d21-042b-445a-8e23-14f1c68fdf3b,[블랙디자인] 원버너 테이블,로그인 > 주문조회 > 마이쇼핑 > 장바구니 > 게시판 > ,0.53125,0.0159651669085631,16128.0,24696.0,https://m.classiccamper.co.kr/web/product/big/202407/0b4d0c6a4d4112762b0466df4b287729.jpg
5a1a40bb-3d12-435b-8aa4-bfa352772248,EVERYDAY AECA CLOVER SWEAT SHIRTS-GREY,상의 맨투맨/스웨트 ,0.5306122448979592,-0.3288590604026845,4410.0,6750.0,https://image.msscdn.net/images/goods_img/20230220/3095066/3095066_17240602358535_500.jpg|https://image.msscdn.net/images/prd_img/20230220/3095066/detail_3095066_17240602657563_500.jpg|https://image.msscdn.net/images/prd_img/20230220/3095066/detail_3095066_17240602798564_500.jpg|https://image.msscdn.net/images/prd_img/20230220/3095066/detail_3095066_17243130879262_500.jpg|https://image.msscdn.net/images/prd_img/20230220/3095066/detail_3095066_17243130890757_500.jpg|https://image.msscdn.net/images/prd_img/20230220/3095066/detail_3095066_17243130902845_500.jpg|https://image.msscdn.net/images/prd_img/20230220/3095066/detail_3095066_17240602673327_500.jpg|https://image.msscdn.net/images/prd_img/20230220/3095066/detail_3095066_17240602692335_500.jpg|https://image.msscdn.net/images/prd_img/20230220/3095066/detail_3095066_17240602711952_500.jpg|https://image.msscdn.net/images/prd_img/20230220/3095066/detail_3095066_17240602756137_500.jpg
ac856e91-cc42-4fa9-b08d-2a5f26da3dd7,아페쎄 제네바 블랙,가방/지갑 > 여성가방 > 숄더백 > ,0.5286779992662344,4.333333333333334,3139.9680000000003,4800.0,https://sazo-qa-ai-resources.s3.ap-northeast-2.amazonaws.com/img/ac856e91-cc42-4fa9-b08d-2a5f26da3dd7.jpg
6aa9d17f-59ab-42b6-b31c-2bf2b5b99511,메탈 카드봇 버스터갤런,출산/육아>완구/인형>작동완구>로봇,0.5151515151515151,0.2403100775193798,5940.0,9000.0,https://sazo-qa-ai-resources.s3.ap-northeast-2.amazonaws.com/img/6aa9d17f-59ab-42b6-b31c-2bf2b5b99511.jpg
0b576010-feeb-4c38-8e90-d69ec4ce9d3d,라이즈 토냥덕 말랑키링,스타굿즈 > 보이그룹 > 인형/피규어 > ,0.509005746293882,3.615384615384615,662.688,1000.0,https://sazo-qa-ai-resources.s3.ap-northeast-2.amazonaws.com/img/0b576010-feeb-4c38-8e90-d69ec4ce9d3d.jpg
1e974357-cdd0-4bac-8aab-4f61fadf2d03,"포스트 오레오오즈컵 30g 12개입, 30g, 12개",시리얼,0.5043859649122807,1.2499999999999998,2052.0,3087.0,https://sazo-qa-ai-resources.s3.ap-northeast-2.amazonaws.com/img/1e974357-cdd0-4bac-8aab-4f61fadf2d03.jpg
451e196a-efb9-4d48-a7fd-c57331f5de54,[미개봉 새상품] 노르디스크 우트가르드 13.2 + 짚인플로어,스포츠/레저 > 캠핑 > 텐트/그늘막 > ,0.5002006518371832,-0.0654205607476636,133315.5,200000.0,https://sazo-qa-ai-resources.s3.ap-northeast-2.amazonaws.com/img/451e196a-efb9-4d48-a7fd-c57331f5de54.jpg
0df94734-761f-4de8-a953-b99c79acec40,YG_FUNNY TREASURE JUMPSUIT PLUSH DOLL,출산/육아>완구/인형>인형>봉제인형,0.5,1.857142857142857,2000.0,3000.0,https://sazo-qa-ai-resources.s3.ap-northeast-2.amazonaws.com/img/0df94734-761f-4de8-a953-b99c79acec40.png
3d9b384a-81a0-4d88-8061-2b1f570dec2b,별사과 조명,가구/인테리어>인테리어소품>기타장식용품,0.4994793474488025,1.6548672566371685,18006.25,27000.0,https://sazo-qa-ai-resources.s3.ap-northeast-2.amazonaws.com/img/3d9b384a-81a0-4d88-8061-2b1f570dec2b.jpg
0d24ad28-a2f7-4e3a-b4ea-4152ace83e61,헬리녹스 체어제로 하이백 샌드 휴대용 캠핑 낚시 피크닉의자,스포츠/레저>캠핑>캠핑가구>캠핑의자,0.4979721329628597,0.4634146341463416,17663.88,26460.0,https://sazo-qa-ai-resources.s3.ap-northeast-2.amazonaws.com/img/0d24ad28-a2f7-4e3a-b4ea-4152ace83e61.jpg
b1087218-99ab-4a98-add2-68a07a8eb4ce,루체 아일랜드식탁 2인용 4인용 수납식탁 테이블 1200 A형,가구/인테리어>주방가구>식탁/의자>아일랜드식탁,0.4919011082693948,-0.1388219083706511,506735.99999999994,756000.0,https://sazo-qa-ai-resources.s3.ap-northeast-2.amazonaws.com/img/b1087218-99ab-4a98-add2-68a07a8eb4ce.png
55ba81ed-0d5a-45e6-8f87-6d0396a67fa6,마끼다 12V DF032DZ 충전드릴 본체만 DF032D,공구>전동공구>충전드릴 ,0.4918248000954767,0.7241379310344828,4021.92,6000.0,https://cdn.011st.com/11dims/resize/1000x1000/quality/75/11src/pd/v2/3/3/1/1/3/5/DnRMK/1946331135_B.jpg
e568983b-a718-4262-b7ae-e1f67e2781a0,폼보스코리아 폼보스V2 전용 레드스틸 괴물노즐 80도 폼건노즐,생활/건강>공구>원예공구>압축분무기,0.4880952380952381,1.3076923076923077,1344.0,2000.0,https://sazo-qa-ai-resources.s3.ap-northeast-2.amazonaws.com/img/e568983b-a718-4262-b7ae-e1f67e2781a0.jpg
32e1a36c-8493-4553-8bb6-fb21387ff9f7,몬스터라이트 벨루어 인테리어 조명 무선 단스탠드 테이블 램프 무드등,,0.4802631578947368,0.0204081632653061,21280.0,31500.0,https://sazo-qa-ai-resources.s3.ap-northeast-2.amazonaws.com/img/32e1a36c-8493-4553-8bb6-fb21387ff9f7.jpg
56308001-a44c-4f08-ba69-b1f11aa7312c,베이블레이드x 위저드골드,유아동/출산 > 교구/완구/인형 > 캐릭터완구/로봇 > ,0.4767558627207751,2.3333333333333335,2166.912,3200.0,https://sazo-qa-ai-resources.s3.ap-northeast-2.amazonaws.com/img/56308001-a44c-4f08-ba69-b1f11aa7312c.jpg
910a656e-f919-4487-870c-e885555848e9,지민 인형,스타굿즈 > 보이그룹 > 인형/피규어 > ,0.4757969303423849,1.0689655172413794,2541.0,3750.0,https://sazo-qa-ai-resources.s3.ap-northeast-2.amazonaws.com/img/910a656e-f919-4487-870c-e885555848e9.jpg
eb21b2ec-1468-40d9-b9e4-740dcde49c06,티르티르 TRTR 도자기 펩티필 커버 쿠션 리필 택1종 ,,0.47,1.7586206896551726,1500.0,2205.0,https://contents.lotteon.com/itemimage/20241206141654/LO/23/16/71/25/51/_2/31/67/12/55/2/LO2316712551_2316712552_1.jpg
2aca5c11-07fb-438b-9279-bea988317139,니체 스페셜 Special 인체공학적/전립선/사무/학생,가구/DIY > 의자 > 게이밍의자,0.4598293486525302,-0.4460856720827178,221943.75,324000.0,https://sazo-qa-ai-resources.s3.ap-northeast-2.amazonaws.com/img/2aca5c11-07fb-438b-9279-bea988317139.jpg
e2080390-b6fc-40b6-b140-8ea53385d908,[BEST/쇼핑백 증정] 퍼퓸 핸드크림 미니 듀오 세트 ,뷰티상품군 > 명품화장품 > 바디/헤어케어 > 립/핸드/풋/넥/바스트케어,0.4506578947368421,0.9753086419753086,6384.0,9261.0,https://sazo-qa-ai-resources.s3.ap-northeast-2.amazonaws.com/img/e2080390-b6fc-40b6-b140-8ea53385d908.jpg
53e8a2a1-b38d-488f-aaa7-1fe813b1758b,샤오미유핀 킹스미스 3단폴딩 워터로잉머신,헬스>헬스사이클>헬스사이클,0.4474772539288668,-0.2449411054062216,236964.0,343000.0,https://sazo-qa-ai-resources.s3.ap-northeast-2.amazonaws.com/img/53e8a2a1-b38d-488f-aaa7-1fe813b1758b.jpg
2fb8abb5-86e1-4aa4-9750-b06046e78707,스키주 마그넷 플러시 세트 도미 팝업 스키즈,스타굿즈 > 보이그룹 > 인형/피규어 > ,0.4400921658986175,0.515151515151515,5208.0,7500.0,https://sazo-qa-ai-resources.s3.ap-northeast-2.amazonaws.com/img/2fb8abb5-86e1-4aa4-9750-b06046e78707.jpg
d9173a23-0ef2-49de-be0d-0ac1e7782614,솜덩이 (8-9인치) (해외배송 가능상품),홈 > 솜덩이(솜구관) > undefined > ,0.4394961763382816,1.051282051282051,5557.5,8000.0,https://cafe24.poxo.com/ec01/somm06/YepDBcpQi6F1EGuL9rzRwXsYbsrGLm0LuZgY5dar54Sy9yoUyhqhcSbnagt5xmJEFEfY6idHj0eM/U6fogk5Pg==/_/web/product/big/202404/9abfa922153fa7ead61dc97e09893069.jpg
f87360b0-e8e7-4d77-bb98-a326beeb86db,전통놀이 공기놀이 달인의 공기 15개입,쿠팡 홈 > 쿠팡수입 > 완구/취미 > 보드게임 > 기타보드게임 > ,0.4391608391608391,3.848484848484848,2145.0,3087.0,https://sazo-qa-ai-resources.s3.ap-northeast-2.amazonaws.com/img/f87360b0-e8e7-4d77-bb98-a326beeb86db.jpg
a216e962-67ad-4b64-98a9-9ee205b34dc2,위츄 쿠션 + 사쿠야 포카,스타굿즈 > 보이그룹 > 인형/피규어 > ,0.4347928116667574,-0.1578947368421051,18818.048,27000.0,https://sazo-qa-ai-resources.s3.ap-northeast-2.amazonaws.com/img/a216e962-67ad-4b64-98a9-9ee205b34dc2.jpg
59e36a51-dce4-44da-8c85-c26ad5e40e40,유희왕 이차원터널미러게이트 1st 퍼얼 taev-kr063 얼티,키덜트 > 보드게임 > ,0.4318181818181818,9.0,1232.0,1764.0,https://sazo-qa-ai-resources.s3.ap-northeast-2.amazonaws.com/img/59e36a51-dce4-44da-8c85-c26ad5e40e40.jpg
30644a21-28ee-4f1e-af3e-d88fd6e936f5,PS5 플레이스테이션5 본체 / 로고 RGB 튜닝 재료 판매합니다.,디지털 > 게임/타이틀 > 소니/플레이스테이션 > ,0.4299900695134062,3.4776119402985075,6293.75,9000.0,https://sazo-qa-ai-resources.s3.ap-northeast-2.amazonaws.com/img/30644a21-28ee-4f1e-af3e-d88fd6e936f5.jpg
13034fc6-61e0-41e7-af55-839850264fd6,[이벤트 한정판매] 하절기 아프로바,,0.4285714285714285,1.4242424242424243,1050.0,1500.0,https://sazo-qa-ai-resources.s3.ap-northeast-2.amazonaws.com/img/13034fc6-61e0-41e7-af55-839850264fd6.jpg
0156812e-92bb-47a1-9107-566f60c4a136,nct 지성 흥칫빵 양도,스타굿즈 > 보이그룹 > 인형/피규어 > ,0.4285714285714285,1.7272727272727273,1050.0,1500.0,https://media.bunjang.co.kr/product/309739596_1_1735989618_w{res}.jpg
482ceb7b-a754-4695-9c6f-c431b639eec8,[도노도노] 아기 트롤리 기저귀 갈이대 정리함 + 방수패드 세트,유아가구/침구>기저귀정리함>기저귀정리함,0.4207188160676532,3.0,17382.75,24696.0,https://sazo-qa-ai-resources.s3.ap-northeast-2.amazonaws.com/img/482ceb7b-a754-4695-9c6f-c431b639eec8.jpg
0c1a1854-e104-4c92-8768-9df71a9e5ed3,Bubbly cat case (젤리하드),YOOKIESHOT > ,0.4172335600907029,0.7142857142857143,2646.0,3750.0,https://sazo-qa-ai-resources.s3.ap-northeast-2.amazonaws.com/img/0c1a1854-e104-4c92-8768-9df71a9e5ed3.jpg
5f4333a3-e2af-4949-a0c1-29cc200c3b21,스톰 롤링 썬더 플러스 3볼 볼링가방 에나멜 (악세사리 파우치 포함) 화이트레드,스포츠/레저>볼링>볼링가방,0.406025824964132,-0.8096446700507615,92004.0,129360.0,https://sazo-qa-ai-resources.s3.ap-northeast-2.amazonaws.com/img/5f4333a3-e2af-4949-a0c1-29cc200c3b21.jpg
dd64ed55-108e-41d3-8551-c1d660eb9a87,아베나키 어썸 IGT테이블 컴팩트수납 접이식 높이조절 대형 캠핑테이블,스포츠/레저>캠핑>캠핑가구>캠핑테이블,0.4,-0.1538078646092583,37800.0,52920.0,https://sazo-qa-ai-resources.s3.ap-northeast-2.amazonaws.com/img/dd64ed55-108e-41d3-8551-c1d660eb9a87.jpg
78777b7d-0910-461f-9bf5-48961c4eecb1,엔시티 천러 인형 냥러 양도,스타굿즈 > 보이그룹 > 인형/피규어 > ,0.3986013986013986,1.6086956521739129,2145.0,3000.0,https://sazo-qa-ai-resources.s3.ap-northeast-2.amazonaws.com/img/78777b7d-0910-461f-9bf5-48961c4eecb1.jpg
28631299-39ac-4bf0-aff5-4133b4775d5f,[본사직영] 바이탈뷰티 메타그린 슬림업 30일 1개,식품>다이어트식품>카테킨,0.3986013986013986,1.5,1072.5,1500.0,https://shop-phinf.pstatic.net/20241126_20/1732604147255jy1mJ_JPEG/66737078347460226_83255141.jpg?type=m510|https://shop-phinf.pstatic.net/20240812_11/1723418458931FAX0z_JPEG/6619855740199907_1821575315.jpg?type=m510|https://shop-phinf.pstatic.net/20240812_252/1723418459498iTUTl_JPEG/6619856315350339_1796332505.jpg?type=m510|https://shop-phinf.pstatic.net/20240812_279/1723418459708zdpMy_JPEG/6619856519345984_32457118.jpg?type=m510|https://shop-phinf.pstatic.net/20240812_277/1723418459965ivjSD_JPEG/6619856777383745_1071896598.jpg?type=m510|https://shop-phinf.pstatic.net/20240812_65/17234184585195NHhI_JPEG/6619855336720569_1245103310.jpg?type=m510
06b204ce-fff5-4510-a79a-719d58231516,제주 감귤모자 버킷햇 귤모자 제주도 벙거지 한화 서핑 챙 방한 귀달이 모자,패션잡화>모자>사파리모자,0.393616034477838,-0.411764705882353,4484.735999999999,6250.0,https://sazo-qa-ai-resources.s3.ap-northeast-2.amazonaws.com/img/06b204ce-fff5-4510-a79a-719d58231516.png
09ce5841-83d4-4e11-9135-d34592b3835f,아디다스 스페지알 라콤브 270,신발 > 스니커즈 > ,0.3888888888888889,0.032258064516129,7776.0,10800.0,https://sazo-qa-ai-resources.s3.ap-northeast-2.amazonaws.com/img/09ce5841-83d4-4e11-9135-d34592b3835f.jpg
0aa9d434-0788-411f-8ae4-3c27de26ed37,워커스 어쏘티드 토피 초콜릿 1.25kg 카라멜,과자/간식>초콜릿/사탕/젤리/껌>캔디류>캐러멜,0.3793103448275862,-0.1830065359477124,4350.0,6000.0,https://sazo-qa-ai-resources.s3.ap-northeast-2.amazonaws.com/img/0aa9d434-0788-411f-8ae4-3c27de26ed37.jpg
e38fe083-0d70-488c-980c-a0e42c442580,노르디스크 아스가르드 12.6 텐트,스포츠/레저 > 캠핑 > 텐트/그늘막 > ,0.371177841766077,-0.3926460932370322,233376.0,320000.0,https://sazo-qa-ai-resources.s3.ap-northeast-2.amazonaws.com/img/e38fe083-0d70-488c-980c-a0e42c442580.jpg
3b5830b6-36cc-486b-a471-28919ef149e5,쥬베라 크림볼 진동클렌저,,0.3611111111111111,0.111111111111111,1728.0,2352.0,https://sungshin1028.blogpay.io/img/g/sungshin1028/0129214001731472071.jpg
77090e50-d734-4890-b8da-cfda37481a45,HELLOS metal tube TABLE,홈 > Shop > 캠핑용품 > ,0.348867162344125,-0.2036405005688281,53378.125,72000.0,https://sazo-qa-ai-resources.s3.ap-northeast-2.amazonaws.com/img/77090e50-d734-4890-b8da-cfda37481a45.jpg
e335aea8-4ef4-4f6a-974a-5cb1254bb373,[BUP] 칼로리몬스터 초코맛 4kg,,0.3378920767058124,-0.1869918699186991,20181.0,27000.0,https://cafe24.poxo.com/ec01/bupstore/HOvhRhvOk+Cp2KY4JuusArgETUOfllSOmoKuxf4iGSzZduIsyEQCPX2BBbyhLFYud/4QSIK+jrNcw+QSsbLE0Q==/_/web/product/big/202409/74b8f5aabaa1dac97612472744e59e56.jpg
e5d2abd9-2e1d-40d6-a3f6-5f16bc3a46c5,TERSO COLOR TROLLEY CART,DETAIL > REVIEW > Q&A > ,0.3352076124567474,-0.1616766467065868,27744.0,37044.0,https://ecimg.cafe24img.com/pg879b72553509091/banacotown/web/product/small/20240314/bcc4d642a43c331ba7246aa0b3e826f8.jpg
073844bb-1342-40fb-9713-b4b1cebec4ce,판매 및 교환 / 짱레이브 은호 밤비,스타굿즈 > 보이그룹 > 인형/피규어 > ,0.3316761363636363,1.3076923076923077,2816.0,3750.0,https://sazo-qa-ai-resources.s3.ap-northeast-2.amazonaws.com/img/073844bb-1342-40fb-9713-b4b1cebec4ce.jpg
a57cc8ad-fa7f-4306-9b19-3136f0c5236f,블링앤쥬 셀린느 버킷백 호환 탑핸들 숏핸들 리얼 소가죽 트리오페 스트랩 가방끈,패션잡화>여성가방>가방소품>가방끈,0.3255360623781674,5.4,2693.2500000000005,3570.0,https://sazo-qa-ai-resources.s3.ap-northeast-2.amazonaws.com/img/a57cc8ad-fa7f-4306-9b19-3136f0c5236f.jpg
b1037bc7-cdea-43c5-917e-f8f289ed8883,AJinGiL-KDL01 Korea Diesel Locomotive Class 7400 #7401,,0.3227513227513227,3.2857142857142856,2268.0,3000.0,https://sazo-qa-ai-resources.s3.ap-northeast-2.amazonaws.com/img/b1037bc7-cdea-43c5-917e-f8f289ed8883.jpg
7c08f135-fef0-4242-b6af-6ca098cee980,뉴 브런스윅3볼롤러백 매트 차콜그레이 볼링가방 (악세사리백 신발케이스 키링 포함),스포츠/레저>볼링>볼링가방,0.313782991202346,-0.1591591591591591,115087.5,151200.0,https://sazo-qa-ai-resources.s3.ap-northeast-2.amazonaws.com/img/7c08f135-fef0-4242-b6af-6ca098cee980.jpg
7c7a3184-f2ee-4123-ac9d-7a91f41dd2c3,[원피스] OP01-033 이조,생활/건강>수집품>게임>보드게임,0.3125,9.666666666666668,1344.0,1764.0,https://sazo-qa-ai-resources.s3.ap-northeast-2.amazonaws.com/img/7c7a3184-f2ee-4123-ac9d-7a91f41dd2c3.png
ac484075-f8d6-491b-a849-ff4962ba91c4,나이키 에어 맥스 95 앤트러사이트 쿨 그레이 FQ1235-002,undefined > 패션잡화 > 남성신발 > ,0.3106696702846611,0.0256410256410256,10986.75,14400.0,https://sazo-qa-ai-resources.s3.ap-northeast-2.amazonaws.com/img/ac484075-f8d6-491b-a849-ff4962ba91c4.png
0bf3b42c-0d2e-44c1-9533-d11f09ace162,BOOK Object by INAP,Home > INAPSQUARE > All > ,0.3039988735567446,1.4,7102.0,9261.0,https://cdn.imweb.me/thumbnail/20240604/2c947bf88ade0.jpg
6481e0b8-a938-4bf9-b637-ce7e232a2b1e,MUCENT MUTE MINI BACK PACK (3Color) 무센트 뮤트 미니 백팩 (3컬러),패션잡화>여성가방>백팩,0.2987012987012987,0.5384615384615385,5775.0,7500.0,https://shop-phinf.pstatic.net/20240726_125/1721957856617nXMXH_JPEG/51372898562802050_766604276.JPG?type=m510|https://shop-phinf.pstatic.net/20240726_30/1721957869207zfb8q_JPEG/36851158303464717_1251654391.JPG?type=m510|https://shop-phinf.pstatic.net/20240726_14/1721957870394Np13a_JPEG/36851159530117013_942063098.JPG?type=m510|https://shop-phinf.pstatic.net/20240726_134/17219578684955Q5b5_JPEG/36851157664335507_1956750883.JPG?type=m510|https://shop-phinf.pstatic.net/20240726_88/1721957871358zlnR3_JPEG/36851160537056929_603604134.JPG?type=m510|https://shop-phinf.pstatic.net/20240726_226/1721957871822mljQL_JPEG/36851161016504213_134617271.JPG?type=m510|https://shop-phinf.pstatic.net/20240726_161/1721957872251hCjFp_JPEG/36851161450781097_1683659939.JPG?type=m510|https://shop-phinf.pstatic.net/20240726_285/17219578727495EsBT_JPEG/36851161930957270_317058543.JPG?type=m510
ec6872fe-b481-46fc-9fd2-2eb799befde4,유희왕 타키온 드래곤 매트,예술/희귀/수집품 > 희귀/수집품 > ,0.2919499215601833,0.7777777777777778,4551.26,5880.0,https://sazo-qa-ai-resources.s3.ap-northeast-2.amazonaws.com/img/ec6872fe-b481-46fc-9fd2-2eb799befde4.jpg
cc9b33cc-477a-49de-8d0d-ca228ce4c6f1,또봇 애슬론 록키,유아동/출산 > 교구/완구/인형 > 캐릭터완구/로봇 > ,0.2906724962997137,-0.0419161676646705,6973.1089999999995,9000.0,https://sazo-qa-ai-resources.s3.ap-northeast-2.amazonaws.com/img/cc9b33cc-477a-49de-8d0d-ca228ce4c6f1.jpg
3cb8f934-bb5e-43ae-a529-ef5e0619585c,YESEYESEE C-Logo Sweatshirt Light Grey,패션의류>남성의류>티셔츠,0.2891520244461421,-0.2537313432835821,5236.0,6750.0,https://sazo-qa-ai-resources.s3.ap-northeast-2.amazonaws.com/img/3cb8f934-bb5e-43ae-a529-ef5e0619585c.jpg
f82d2e37-c8a1-4a0b-9379-47dd5ca9ff44,"방탄모 헬멧커버(국산) 미군M88 미치2000,M1 방탄모3가지 A/S가능",공유 > ,0.2878598247809762,2.72093023255814,4794.0,6174.0,https://sazo-qa-ai-resources.s3.ap-northeast-2.amazonaws.com/img/f82d2e37-c8a1-4a0b-9379-47dd5ca9ff44.jpg
c820516a-3a8b-41a8-b269-2772f8941d1e,티니핑 미스틱 하트윙,유아동/출산 > 교구/완구/인형 > 인형(유아용) > ,0.28625,0.3114754098360657,1600.0,2058.0,https://sazo-qa-ai-resources.s3.ap-northeast-2.amazonaws.com/img/c820516a-3a8b-41a8-b269-2772f8941d1e.jpg
0b34c656-03aa-474e-9ada-f1bc88fccaa2,폴라리스 투명텐트 P1 컴팩트 TPU 원터치 쉘터 팝업 동계 장박,스포츠/레저>캠핑>텐트>3-4인용,0.2793858947705102,-0.8272884283246977,117243.75,150000.0,https://sazo-qa-ai-resources.s3.ap-northeast-2.amazonaws.com/img/0b34c656-03aa-474e-9ada-f1bc88fccaa2.jpg
94980f84-e083-4045-9793-c51b769b3816,도쿄리벤저스 도리벤 산즈 하루치요 속성 솜인형 20cm 표지산듀,키덜트 > 피규어/인형 > ,0.278772378516624,-0.1304347826086956,6256.0,8000.0,https://sazo-qa-ai-resources.s3.ap-northeast-2.amazonaws.com/img/94980f84-e083-4045-9793-c51b769b3816.jpg
e9ec6e17-6bba-4020-a240-c18c093fbfd3,wayv ten 텐 이냥흠 솜인형 웨이션브이,스타굿즈 > 보이그룹 > 인형/피규어 > ,0.2704686617730096,1.7586206896551726,3542.0,4500.0,https://media.bunjang.co.kr/product/298269510_{cnt}_1730659139_w{res}.jpg
c76c374e-5823-4e15-8394-b9d2d4670c00,Gee6 캠핑전기매트 카본매트 탄소매트 차박 백패킹 1인용 싱글 5V USB,스포츠/레저>캠핑>캠핑매트,0.2681159420289855,0.2875536480686695,12420.0,15750.0,https://sazo-qa-ai-resources.s3.ap-northeast-2.amazonaws.com/img/c76c374e-5823-4e15-8394-b9d2d4670c00.png
8d2b7783-c9b1-4577-bf07-08d515071abd,코코스빌 아스가르드 12.6 재단형 단모 캠핑 카페트,스포츠/레저>캠핑>캠핑매트,0.2670507414226604,-0.0616075071399429,101022.0,128000.0,https://sazo-qa-ai-resources.s3.ap-northeast-2.amazonaws.com/img/8d2b7783-c9b1-4577-bf07-08d515071abd.jpg
3be91e65-795d-439e-991a-cb1bf36a1cd4,아디다스 프레데터 끈없는 풋살화 275,신발 > 스포츠화 > 축구/풋살화 > ,0.2622720897615708,-0.111111111111111,8556.0,10800.0,https://sazo-qa-ai-resources.s3.ap-northeast-2.amazonaws.com/img/3be91e65-795d-439e-991a-cb1bf36a1cd4.jpg
13e07a75-17c7-461d-8144-62d5d8431bb5,파워퍼프걸 걸스 뉴진스 봉제 인형 28cm,해외직구>리빙/생활>키덜트/취미>피규어/프라모델,0.2620192307692308,0.8867924528301886,4992.0,6300.0,https://sazo-qa-ai-resources.s3.ap-northeast-2.amazonaws.com/img/13e07a75-17c7-461d-8144-62d5d8431bb5.jpg
2bbef07b-719b-40f2-a754-5e7998b4f2d7,라무네 엔시티 위시 유우시 리쿠 쿠션키링 핀뱃지 핀버튼 미개봉 양도,,0.2556294051664964,2.1578947368421053,1791.93,2250.0,https://sazo-qa-ai-resources.s3.ap-northeast-2.amazonaws.com/img/2bbef07b-719b-40f2-a754-5e7998b4f2d7.jpg
9c33c6ee-6cfb-406f-8b42-4d51a1026758,엔시티 NCT 해찬 10cm 인형 곰효기 미개봉 양도,스타굿즈 > 보이그룹 > 인형/피규어 > ,0.2554927809165097,1.6666666666666667,796.5,1000.0,https://sazo-qa-ai-resources.s3.ap-northeast-2.amazonaws.com/img/9c33c6ee-6cfb-406f-8b42-4d51a1026758.jpg
